AR00A6H1187FB5402A,42.73383,-84.59334,TRAKWGL12903CB8529,The Meatmen
AR00MBZ1187B9B5DB1,29.95244,-90.05202,TRAFCPP128F426EC01,Memphis Minnie
AR01IP11187B9AF5D2,28.33268,-80.73486,TRAZNKG12903CDCF8A,Call To Preserve
AR01VU31187B997DA0,43.0026,-83.7826,TRAKZMB128F427B44F,Grand Funk
AR01W2D1187FB5912F,40.01574,-105.27924,TRASHYD128F93119EE,3OH!3
AR022JO1187B99587B,0.10974,113.9174,TRAHSJR12903CBF093,Ross
AR02YGA1187B9B8AC4,-34.60852,-58.37354,TRACFXL128F930B28B,Bersuit Vergarabat
AR035N21187FB3938E,34.23294,-102.4102,TRAHXMC128F4267B70,BT
AR03BDP1187FB5B324,34.05349,-118.24532,TRACYCJ128F9309246,Britney Spears
AR048JZ1187B9AEB85,30.33138,-81.6558,TRAUWFN128F1462E09,Yellowcard
AR04KTB1187B99B6B7,37.27188,-119.27023,TRBFUNY128C7196B7D,The Disposable Heroes Of Hiphoprisy
AR059HI1187B9A14D7,33.74831,-84.39111,TRAORLG12903CB578A,Roy Drusky
AR05IU31187B9B9A1A,42.84751,-2.67973,TRAOXSN128F4282FB5,Alex Ubago
AR05KQA1187B9963B3,34.05349,-118.24532,TRAXBKH128F9343764,D'Molls
AR05VW21187FB407B4,52.94922,-1.14392,TRACALZ12903CDCFBB,Fudge Tunnel
AR061J011A348F060F,23.62574,-101.95625,TRAKGWA128F9321155,Ximena Sarinana
AR06M3F1187FB38BED,34.51042,-89.94049,TRAQYUA128F428742F,Mississippi Fred McDowell
AR06USW1187FB4EACA,37.77916,-122.42005,TRAYYKO128F92E133B,The Lord Weird Slough Feg
AR08DYV1187B99A0D7,40.71455,-74.00712,TRBBEHB128E0784F71,Reach 454
AR08NXW1187B99526D,38.2589,-92.43659,TRAHDUP128F9332D64,Die Symphony
AR0B1CH1187FB3A824,34.56398,-92.58685,TRAFNMJ128F92D15D8,Charlie Rich
AR0B3RS1187FB48F5D,39.10644,-84.50469,TRAXAJF128F4216398,Why?
AR0B6VD1187B99C293,34.47326,-119.05505,TRAIKBM128F429160A,Uphill Battle
AR0CANF1187B9AF35F,34.05349,-118.24532,TRACHHH128E0788A35,Dilated Peoples
AR0G47L1187B98CC6D,50.91552,0.48883,TRAAVKY12903CBBB93,Frank Chacksfield
AR0IAWL1187B9A96D0,8.4177,-80.11278,TRABCEC128F426456E,Danilo Perez
AR0ILWV1187FB47CAA,39.75911,-84.19444,TRBIJES12903CF5B12,Mouth Of The Architect
AR0IVSA1187FB4F069,40.71455,-74.00712,TRAOJMY128E07836D9,Helmet
AR0JEOI1187B98B918,31.1689,-100.07715,TRAJBIZ128F4252408,Erik Berglund
AR0JURX1187FB3C8FF,41.39447,-73.61689,TRAPZYB128F9309217,Illya Kuryaki And The Valderramas
AR0KBXO1187B996460,41.58979,-93.61566,TRAHDNJ128F4241432,Slipknot
AR0LPDJ1187B9919F1,54.5958,-5.93494,TRAXXEI128F4293139,Derek Bell
AR0LVFQ1187B9A84E0,40.71455,-74.00712,TRAAQFC128F425ED83,Jason Miles
AR0N0DX1187FB41327,51.50632,-0.12714,TRACOTC128F1455F32,The Master Musicians of Jajouka featuring Bachir Attar
AR0N9BV1187FB3AD01,41.76332,-72.67407,TRARBIM12903CECEE0,Gene Pitney
AR0NKFJ1187B9AF1FF,51.77045,0.64255,TRAMKXD128F146697F,Neil Innes
AR0NQD81187FB3AD13,32.74863,-97.32925,TRACOGY128F92FE95C,Gary Morris
AR0O3AV1187FB4D030,40.71455,-74.00712,TRAXLLN128F428B982,Wayne Kramer
AR0OEYB1187FB4A81E,53.93063,-1.20788,TRAYQDZ128F9313C8F,Catherine Howe
AR0PUK71187B9AC3C0,40.71455,-74.00712,TRAPCRV128F931425C,Marvin Hamlisch
AR0QT3O1187FB56860,53.34376,-6.24953,TRAWEDG128F42A5F1C,Ronnie Drew
AR0RCMP1187FB3F427,30.08615,-94.10158,TRAMDCX128F4294590,Billie Jo Spears
AR0S0EO1187FB490BE,38.62774,-90.19951,TRBHQJJ128F931FAC1,Disco D
AR0SZW11187B98C5E5,40.71455,-74.00712,TRAPNSM128F9343E74,Beat Pharmacy
AR0TZ7T1187B994E37,42.33168,-83.04792,TRAHFAO12903CBCD36,Dave "Baby" Cortez
AR0U44O1187B99007C,51.50632,-0.12714,TRADERP128F42908E4,Republica;Jonny Male;Dave Arch
AR0V36F1187FB366B1,53.41961,-8.24055,TRAJZXZ128F4285158,The Chieftains;Colin James
AR0VIQV1187B9978F8,37.77916,-122.42005,TRAYJXD128F9307BE6,The Products
AR0VR1O1187B9A0F1F,59.27074,15.21751,TRBCBAM128F92E3044,Truckfighters
AR0VS771187B99564F,51.16418,10.45415,TRAOREV128F42640FF,Rocky Hill
AR0VZWC1187B99BA57,-37.81753,144.96715,TRAXOQD12903CDD59D,The Berzerker
AR0WAW61187B98B7D7,40.71455,-74.00712,TRAIJER128F9332661,Doug MacLeod
AR0WQ1Q1187B992E16,40.71455,-74.00712,TRBHZAC12903CF573E,Richard Smith
AR0WV4Y1187B99B806,7.95501,-1.03182,TRAEFDB128E0783952,Rhian Benson
AR0WXWU1187B9AB33F,42.31256,-71.08868,TRABVLV128EF354D20,The Red Telephone
AR0XJ291187FB45855,39.75911,-84.19444,TRALHPU128EF34A6C8,Drexel
AR0XSOO1187B9B9E88,51.50632,-0.12714,TRACBOR128F422CFE4,Buzzcocks
AR12MUW1187B9A5DF4,29.76045,-95.36978,TRAMHFW128F4254303,Ricardo Lemvo
AR13CXU1187B9AD30A,51.52328,-0.21346,TRAOCOE128F4276D18,The Clash
AR14CJ91187FB3A994,35.52069,-84.36354,TRABFGJ12903CF6A75,Eddy Arnold
AR1518Q1187B98A906,40.99471,-77.60454,TRBDJHF128EF35793D,Poptart Monkeys
AR15FQ11187FB36BE8,18.01571,-76.79731,TRARQFD128F422F447,Chaka Demus & Pliers
AR15YLD1187FB3D4DD,55.67631,12.56935,TRAJOUG128F4276434,John Tchicai
AR16NGV1187FB5B8BC,46.51959,6.63233,TRALDYY12903CC80AF,Kruger
AR180PG1187B997BAE,32.77815,-96.7954,TRACAPS128F92F014C,Donnie Brooks
AR190KO1187B9905EC,34.05349,-118.24532,TRAEOUE128F93187B9,Sick Puppies
AR19GQN1187FB3ACF5,40.71455,-74.00712,TRABMDW128F14682DD,The Bucketheads
AR19SOA1187B98F6E6,40.71455,-74.00712,TRAAJJV128F42A2F99,Bob Neuwirth
AR1ABAO1187FB531E1,42.33168,-83.04792,TRAYZWQ128F42752A8,Alice Cooper
AR1BA6K1187B9A5656,40.74269,-84.10729,TRAENWI12903CECA29,Helen O'Connell
AR1BZED1187FB4CDEE,35.14968,-90.04892,TRAQKVM128F145BB26,Wendy Moten
AR1CB5G1187B9AFB8E,52.47859,-1.9086,TRAQYZI128F4273CF3,Electric Light Orchestra
AR1CD5Z1187B98F2C2,38.91391,-94.37517,TRAXHEX128F92D28D4,Pat Metheny
AR1DC0611A348EFB30,46.49,-80.99001,TRAHUZW128F92FB27F,Statues
AR1E4V11187B99F400,34.05349,-118.24532,TRAUTSN128F14ADD4A,Telecast
AR1GW0U1187B9B29FD,44.97903,-93.26493,TRAPYCB128F930CD70,Prince With 94 East
AR1GYND1187B9A9CD3,38.43773,-122.71242,TRAANBH128F9345A6C,Diesel Boy
AR1IY3B1187B98B384,39.73926,-89.50409,TRAHPJP128F92F7661,Joanna Connor
AR1J7881187B9959D8,37.77916,-122.42005,TRBDFUU128F92EF5BC,First Blood
AR1JD6E1187FB5696C,53.07516,8.80466,TRAFKRN128F4215CC8,James Last
AR1JGQT1187FB56878,30.23513,-92.26831,TRACDSI128F425C0B4,Jo-El Sonnier
AR1N6N61187FB4E25E,23.0833,-82.4167,TRAOMIC128F92F2B0B,Mongo Santamaria
AR1NT3H1187B99F67B,28.53823,-81.37739,TRADFAQ128F428AC13,Skrape
AR1PCLK1187FB5BBFF,40.14323,-74.72671,TRACEQQ128F426C3E3,Angelo Badalamenti
AR1PNWN1187FB4A404,29.76045,-95.36978,TRBGUUF128F9334B97,El Gran Combo De Puerto Rico
AR1Q25M1187B9B0D73,40.67856,-73.41853,TRAJNZF12903CB22A9,De La Soul / MF Doom
AR1RHCO1187B9AF0BF,37.77916,-122.42005,TRAOWYT128F930D2DB,Vince Guaraldi Trio
AR1RMYB1187FB5A59E,37.27188,-119.27023,TRAIHPX128F428081B,Incubus
AR1RNCJ1187FB3D227,30.2676,-97.74298,TRAVVKY128F147C330,Fastball
AR1S5O61187B9898AC,37.27188,-119.27023,TRASGLA128F147F4F6,Chris Eaton
AR1SFKQ1187B98AF13,34.05349,-118.24532,TRAISTB128F42956BF,Lauren Wood
AR1SYBE1187B992798,51.27156,7.19655,TRAUWGI12903CCB99A,Kira
AR1VB2W1187B9901C5,34.05349,-118.24532,TRAPPYG128F930BAB9,Rod Piazza & The Mighty Flyers
AR1VWD91187FB4CE99,54.97791,-1.61237,TRACHTO12903CBE58B,The Animals_ Sonny Boy Williamson
AR1W3MA1187B99E6D8,31.1689,-100.07715,TRAHSIB128E0784FEA,Danny Wright
AR1WC0X1187B991056,37.77916,-122.42005,TRAJXYE128F92C9BD7,Jefferson Starship
AR1WU211187FB57E2B,39.09551,-120.95071,TRACLXN128F931A74C,Terry Riley
AR1XE381187FB4C685,34.05349,-118.24532,TRAPGAG128F42ADAF7,Kane
AR1XVTM1187B996D57,44.11559,-120.51484,TRAJKZZ128F4237B19,I Nuovi Angeli
AR1XZ0N1187B9941D5,35.6731,-89.57334,TRAVIVX12903C9726D,Noah Lewis
AR1Y2PT1187FB5B9CE,27.94017,-82.32547,TRAACQT128F9331780,John Wesley
AR1Y37Q1187B9B66D2,40.71455,-74.00712,TRAEUDO128F149CD13,Suicide
AR1ZNJO1187B993E46,44.04992,-123.08854,TRAOVLH128F145C388,Cadet
AR1ZZOW1187B99BA84,40.14323,-74.72671,TRAHYDH128F9325200,Bumblefoot
AR20BO61187B9B880E,36.83264,-76.29771,TRAGPMS128F4248295,Patton Oswalt
AR21YNH1187FB49649,51.50632,-0.12714,TRAMEEO128F1462296,Ms. Dynamite / Bounty Killer
AR223M11187B9ADDD6,33.53858,-112.18628,TRADOWO12903CD9BA2,Marty Robbins
AR22R8A1187FB46B9E,35.67048,139.74092,TRASCMB128F422B871,Shanadoo
AR23EC41187FB4805D,40.14323,-74.72671,TRAOAZY128EF359216,The American Boychoir
AR23F7J1187B9A550F,31.96305,-95.27023,TRARTME12903CE0253,Al Dexter
AR243ZT1187B9A98D2,32.29869,-90.18049,TRAHNVN128F933EBE8,Otis Spann
AR25LGJ1187B9B2492,29.42449,-98.49462,TRAJCHY128EF349619,Sir Douglas Quintet
AR27XEH1187FB4EC83,50.63718,3.06281,TRACFWQ12903CF8148,Les Blaireaux
AR280881187B98BA28,55.70622,13.1876,TRAYPZB12903CE763B,YGGDRASIL
AR2AGLK1187B9AAAD0,34.05349,-118.24532,TRAHQBJ12903CAB1FA,Year Long Disaster
AR2B3VQ1187FB54129,32.77815,-96.7954,TRASYJN128F92FF293,Jeff Johnson
AR2BG0R1187FB398C3,29.59733,-90.71913,TRAXRWA128F42464CD,Dax Riggs
AR2C9UQ1187B98E69F,36.38418,-85.32281,TRBABQS128F4254688,Roy Roberts
AR2CM6U1187B999EB7,52.51607,13.37698,TRACLPE128F4287687,Basic Channel
AR2DKN01187FB3AA39,38.08767,-102.61916,TRAMFIU128F426B004,Wesley Tuttle
AR2EBRG1187B9B07C8,64.55653,12.66538,TRAYZXS12903CF1C4F,Old Man's Child
AR2FJV21187B98EBE3,35.83073,-85.97874,TRAJVQV128F424C1ED,Legacy Five
AR2G8SU1187FB4A871,42.33168,-83.04792,TRALTDA128F427D0A3,James Carter
AR2G8UI1187FB3F33C,63.03654,-149.10568,TRAIKFW12903CF26E3,Barbara Fairchild
AR2HFII1187FB378BC,38.8991,-77.029,TRAQEEB128F9332D97,Jaydee
AR2J2WF1187FB46271,54.48303,-3.53444,TRAJHYF128F1451DDF,Francis Dunnery
AR2JD2Z1187B998A90,40.77735,-73.88137,TRABDDA12903CC007C,Ethel Merman
AR2K2CM1187B98D4F1,36.71832,-4.42016,TRAKCHU128F4234E44,Fran Perea
AR2N0221187FB48FB8,-35.30654,149.12656,TRAZNGB128F425A305,David Robertson
AR2O3B51187B98CD94,35.2225,-80.83754,TRAIVVQ128F146AB17,Cece Winans
AR2RVGR1187B9B3219,34.05349,-118.24532,TRAIALS128F425A9E3,Robin Frederick
AR2VJMU1187B9947AF,36.49905,-80.60688,TRBDMAU128F935960B,Donna Fargo
AR2VROU1187FB532D7,40.65507,-73.94888,TRAOVRK128F4289B3A,The Tokens
AR2XH7R1187B998D30,-14.24292,-54.38783,TRBDBDU128F424A04C,Renato Borghetti
AR31D7E1187FB3BC62,27.10442,-81.33231,TRAZYQF12903CE3DA5,Valient Thorr
AR31G891187FB3892D,56.27609,9.51695,TRACZDY128F92EE2F1,Laid Back
AR336PG1187FB3DC6E,53.4796,-2.24881,TRASWQE128F146C987,Oceansize
AR358YS1187FB44A29,37.20897,-93.29156,TRAYLQL128F92F0A86,The Jordanaires
AR35YUO1187B9AD83E,55.8578,-4.24251,TRAJDVT128F4252F37,Wet Wet Wet
AR36F9J1187FB406F1,56.27609,9.51695,TRABBKX128F4285205,Bombay Rockers
AR37E341187B989A3E,36.06899,-79.7947,TRAFELG128F427C373,Wilshire
AR37K6O1187B9AD049,54.31407,-2.23001,TRBEDRW128F425F424,Savoy Brown
AR37XMN1187B9AC408,54.97791,-1.61237,TRBCBXZ128F14628C3,Lighthouse Family
AR392MV1187FB3C3FE,40.73197,-74.17418,TRAOLUA128F422BB1D,Connie Francis
AR3AIEI1187B992D8D,54.31392,-2.23218,TRADLAB128F931FCAE,Marilyn Horne / Wiener Opernorchester / Henry Lewis
AR3C3C01187B98E800,56.153,10.20452,TRAAHJX128F9312B83,Kai Winding
AR3D0BI1187B98A11F,-9.18134,-75.00236,TRAVLNW128F4272F05,Gian Marco
AR3DCWS1187B9A4416,41.88415,-87.63241,TRAPMTM128F425B4E5,Cartel
AR3DWG81187B98E3FA,40.68869,-73.93918,TRAKVFJ12903CD4045,Papoose
AR3DYAD1187FB3964E,36.20201,-83.74416,TRACLUJ128F422DDA1,Chet Atkins
AR3EABF1187B98AD35,59.46148,108.83178,TRAMGZR128F429AF94,Sophie Tucker
AR3EVEE1187B9994B7,18.11526,-77.27348,TRARHBD128F423A0EA,Abijah
AR3GE071187B9A6D71,43.64856,-79.38533,TRASOHB128F92D88B6,Johannes Linstead
AR3GYKU1187B996AB9,41.05182,-73.54223,TRACCOK128F932AF52,Jim Kweskin
AR3J4WZ1187B9B17ED,48.85692,2.34121,TRBHSDN128F4274E9F,Gall_ France
AR3JLWI1187FB37141,39.16178,-76.62184,TRAGZNX128F92F40E9,Darko
AR3JMC51187B9AE49D,28.53823,-81.37739,TRAINIF128F426416B,Backstreet Boys
AR3KGPQ1187FB53C84,34.05349,-118.24532,TRAIJMG12903D08168,L7
AR3L4P91187FB42189,36.16778,-86.77836,TRBCVQL128F422572E,Dann Huff
AR3MSAN1187B98F06B,33.74831,-84.39111,TRAJDGB128F42882AC,OutKast
AR3N2H11187B98AFBA,-10.68641,-37.42475,TRADYIY128F147AA36,Sivuca
AR3NPVS1187FB5108F,48.85692,2.34121,TRANFLR128F931CF30,Ministry of Sound
AR3O0021187B999BC8,42.02534,-93.6202,TRAIIEV128F934712A,Radio Moscow
AR3O66A1187FB39519,40.99471,-77.60454,TRAMBEY128F42408F1,Sinch
AR3OS8N1187B9A5F87,29.59733,-90.71913,TRAZFYU128F93569C6,deadboy & the Elephantmen
AR3OYPP1187B9952E3,53.34376,-6.24953,TRAIDWL128F147ADAE,Humanzi
AR3PN3R1187FB4CEBD,18.01571,-76.79731,TRACUUJ128F422EFF8,Horace Andy
AR3Q3QT1187FB396E7,62.19845,17.55142,TRANXPU128F428CE4A,Sanna Nielsen
AR3QFYG1187B992B2E,42.39336,-81.84348,TRAYXCO128F93390C3,Michelle Wright
AR3QRJ91187B98E4C2,48.85692,2.34121,TRAXRLN128F425C047,Jacques Dutronc
AR3SEQM1187B98E9E8,39.6425,-77.71758,TRACYMH12903CA01DF,Kix
AR3TG3X1187FB4D577,52.51607,13.37698,TRAHNMN128F932DA8E,Atari Teenage Riot
AR3UJPY1187FB5017B,34.05349,-118.24532,TRAZYZQ128F146653D,Patience Dabany
AR3YJMO11C8A42B348,60.3907,5.33275,TRBGOWY12903D0E2A0,Vulture Industries
AR41ESB1187FB360B1,42.7316,25.48312,TRAYDSS128F423CE63,Gloria
AR43KFF1187B9B74B1,30.9742,-91.52382,TRAOOWZ12903CA5672,Little Freddie King
AR45KNL1187B992E53,37.77916,-122.42005,TRAYPEN128F42617AB,Dr. Elmo
AR46CAD1187FB4D84B,34.05349,-118.24532,TRAXRSK128F42B44D2,Bad Religion
AR47DOS1187B996105,35.33826,-97.48561,TRAYEIJ128F42A53E0,Kellie Coffey
AR47JEX1187B995D81,37.83721,-94.35868,TRAACFV128F935E50B,SUE THOMPSON
AR47RVG1187B995CE7,30.2676,-97.74298,TRAKORU12903CEDC22,D:Fuse
AR49A9P1187FB3BBBF,26.27249,-80.25306,TRAIGWQ128F4270EB9,Saigon Kick
AR4ABL21187FB3913A,40.99471,-77.60454,TRAAIFG12903CB0BCB,Richard Burton
AR4AEIP1187FB4030A,33.74831,-84.39111,TRAUMEN128F9355DCC,Wamdue Project
AR4C6V01187FB3BAF4,39.55792,-7.84481,TRANLHL12903CF88E5,Moonspell
AR4EQ231187B99368F,39.74001,-104.99226,TRAYSMO128F9318E7C,The Fray
AR4FGSF1187FB528BE,36.16778,-86.77836,TRADQBK128F92E8B5F,Mat Kearney
AR4G2AQ1187FB59D5B,64.95014,26.06739,TRAMNJB128F92EFDC7,Indica
AR4GJ3V1187FB4245B,39.75911,-84.19444,TRAKGVT128F4222A75,Zapp
AR4IWYN1187FB47DF6,37.28848,-121.94486,TRAAXKI128F92DAC1B,Strata
AR4IYQR1187B98F8F3,41.88,-87.77891,TRAFBXW128E0787291,Off Broadway
AR4K59J1187FB3759B,44.11559,-120.51484,TRAAPCC128F42519A7,Soular
AR4NREB1187B9AEDAC,40.71455,-74.00712,TRAMEBP12903CD7EEA,Mink DeVille
AR4O3MM1187FB3DF77,18.22328,-66.42889,TRAWWWO128F428A7FC,Gisselle
AR4OU721187FB4549D,35.92425,-86.87093,TRASDOI128F1480E28,Paramore
AR4PCIG1187B98D07D,36.16778,-86.77836,TRAAHTH12903CCFFE1,Ellen McIlwaine
AR4PQ891187FB5CA9F,40.76099,-74.20991,TRANIPA128F93151A2,Dionne Warwick
AR4R0741187FB39AF2,51.50632,-0.12714,TRAIZRI128F1466316,Bow Wow Wow
AR4R1FL1187FB55C3B,-13.442,-41.9952,TRASFNS128F145247D,Death From Above 1979
AR4R84C1187FB3EC16,40.71455,-74.00712,TRAYABO128F42957C9,Shelly Manne
AR4UJ7O1187B994010,34.30246,-79.87162,TRAHZFG128F4275C87,Buddy Johnson
AR4W2E01187FB416AC,43.64856,-79.38533,TRAJLOY128F92E4EAF,Saga
AR4W9EZ1187B99282A,29.95369,-90.07771,TRARVTN12903CF4724,Kenny Neal
AR4WS1U1187FB5B02E,36.16778,-86.77836,TRAHXJE12903CB8095,Bobby Russell
AR4YE5M1187B9934ED,-24.9162,133.39311,TRAYSCQ128F933BA66,The Cannanes
AR4YKRO1187B9B7829,30.06677,-81.86674,TRAUGQI128F4295BD1,The Red Jumpsuit Apparatus
AR50Z881187B9BA197,30.33138,-81.6558,TRAGLUL128F426F94C,Jack Sheldon
AR52EZT1187B9900BF,40.8079,-73.9454,TRAOXXM128F932FC70,Alicia Keys
AR52QY11187B99FC59,18.03965,-77.51329,TRAZGAC128F4255C45,Anthony Cruz
AR553M51187B98BCE7,50.44801,-104.59518,TRAYICL128F1460287,Renee Rosnes
AR557N41187FB3E67F,62.24049,25.75129,TRANIUS12903D00EC7,Swallow The Sun
AR56CNM1187B99442A,41.9293,-88.7493,TRAQLNE128F42AC1AF,Judas Iscariot
AR56P361187B9AC4DB,54.5958,-5.93494,TRACKAK128F1458461,Gary Moore
AR56UY11187FB46D49,38.62774,-90.19951,TRALKRO128F931CF20,Lightnin' Slim
AR573WK1187FB47167,37.77916,-122.42005,TRACWCG128F9344150,The Balustrade Ensemble
AR576O51187B990C30,31.90143,-84.25274,TRAFYWM128F422AA37,Tampa Red
AR58JT11187B9AF4CC,41.30711,-72.92496,TRAXIPO128F14923B2,Carpenters
AR58SJE1187B9A8E4C,31.55379,-90.10785,TRADDWO128F9305E06,J. B. Lenoir
AR5995Z1187B9A112B,39.73926,-89.50409,TRAXJMF128F42555AB,The Tarriers
AR59C6A1187B9B2143,-24.9162,133.39311,TRAXVYK128F9313151,The Cat's Miaow
AR5BX3Y1187FB39E93,32.74838,-117.24681,TRACYOV128F92CB613,Slightly Stoopid
AR5DXUU1187B9B0E42,48.20254,16.3688,TRACGXQ128F1457F81,Falco
AR5EQRI1187FB41287,56.87546,24.6075,TRAMHPR128F92EDD34,Kuba
AR5GMAV1187FB3A8F5,34.05349,-118.24532,TRARWSY128F92FE87E,Chris Clark
AR5J8N51187FB54ED9,38.8991,-77.029,TRAENKS128F92F1780,Joe Heaney
AR5KOSW1187FB35FF4,49.80388,15.47491,TRAACCG128F92E8A55,Elena
AR5LZJD1187FB4C5E5,35.66693,-80.46935,TRAMESI128F93509F7,Britt Nicole
AR5M35O1187B9A0D74,34.05349,-118.24532,TRAGUPV128F93354DE,SOL
AR5M3681187B998D11,37.80506,-122.27302,TRAGHCZ12903CEC3EF,Edwin Hawkins
AR5M4GN1187FB3F2F6,31.1689,-100.07715,TRBDTEG128F4265CC9,Bruce Robison
AR5MK521187B98E0B8,51.50632,-0.12714,TRAAOJI128F1458DCD,Heaven 17
AR5N8VN1187FB37A4E,47.60356,-122.32944,TRAYPFH128E07937C3,Soundgarden
AR5O6W51187FB46984,51.16418,10.45415,TRAIRNT128EF33FF36,SNAP!
AR5OQSV1187B9953AF,34.05349,-118.24532,TRATHFM128F148ADD4,Eastmountainsouth
AR5RVV91187B9A4238,40.99471,-77.60454,TRBHDJD128F4227A54,Luisito Rosario
AR5S26K1187B9A3141,31.19224,29.88987,TRBIIXI128F9344121,Chantal Chamandy
AR5TQ1T1187FB59492,18.11526,-77.27348,TRADJJB128E0790E7C,Cornell Campbell
AR5WPYF1187B9B40DA,38.25486,-85.7664,TRABHCE128F426361B,VHS Or Beta
AR5ZGC11187FB417A3,37.27188,-119.27023,TRAMPCN12903CC4E5B,Big Mountain
AR5ZI3K1187FB38BE0,42.31256,-71.08868,TRAVZLU128F9305DD2,Jim Kweskin_ The Jug Band
AR5ZJLK1187B9B3A8E,35.99527,-78.89601,TRAIIOG12903CD02C5,John D. Loudermilk
AR5ZVJ91187B99083A,51.05563,3.72856,TRAZRPT128F425DC9C,Soulwax
AR5ZY7R1187B996302,38.8991,-77.029,TRAJZVL128F9342662,The Continentals
AR63RWN1187FB3E89A,34.56039,-90.91387,TRADYQH128F9338162,Robert Lockwood_ Jr.
AR64N1H1187B996199,45.51228,-73.55439,TRACAMB12903CE12F4,Edgar Bori
AR68V7Z1187B9A2FCA,51.16418,10.45415,TRASDIH128F425B6CF,Polkaholix
AR695PK1187B996E35,54.6904,-1.2323,TRAIESZ128F42555B4,The Jeremy Spencer Band
AR69GPS1187B99E556,44.00118,-71.6342,TRACLHC128F9343C39,SUMO
AR6BAYL1187B9AC66F,35.83073,-85.97874,TRAXWND128F428FBEB,Al De Lory
AR6BHP31187FB365E1,36.06899,-79.7947,TRAXEAY128F931C3D0,Sonny Terry
AR6BUE51187B9B5D71,37.82245,-85.69091,TRBBQAV128F92E2000,Markus
AR6BUYW1187B98E221,34.19451,-90.5651,TRAIAQY128F4291ECC,Earl Hooker
AR6C6VO1187FB4E267,35.14968,-90.04892,TRABZKU12903CBFE15,Tora Tora
AR6CFZ71187B99AE5B,34.23497,-77.94599,TRBGDXT128F1487E86,He Is Legend
AR6D5OM1187B993D9E,52.50524,-1.81531,TRAXYSO12903D0D0CD,Rhinoceros
AR6DGPH1187B998587,35.83073,-85.97874,TRAGCUZ128F92E6E26,David Evans
AR6FS351187B9892B7,55.8578,-4.24251,TRASVRH128F14AC24A,Midge Ure
AR6GJDZ1187B991E46,19.4319,-99.13285,TRAYIFW12903CA9F1B,KALIMBA
AR6GSIE1187B98C3C7,39.49974,-111.54732,TRAZDQQ128F93590E2,Ned Miller
AR6HAZT1187FB4A3AA,35.48703,-93.8277,TRATDTH128F4263AAD,Roy Buchanan
AR6HEHH1187B9985F9,41.41013,-75.66079,TRAKZBV128F9320081,Russ Morgan
AR6HLKR1187B9A735A,34.05349,-118.24532,TRBHHMI128F426779C,Stimulator
AR6IJJ41187B98C872,26.30116,-98.1607,TRAHLVW128F426684F,Bobby Pulido
AR6IRG41187B9A4D98,52.51607,13.37698,TRAADRN128F932D607,Ec8or
AR6J3X81187FB59A7B,40.65507,-73.94888,TRACTLX128F42A51F6,Matisyahu
AR6KNZ01187B9A35D1,34.05349,-118.24532,TRBICPL128F9303BB0,Justo Almario
AR6LOPL1187FB4DABE,38.8991,-77.029,TRAGNXF128F933A80E,Mirah
AR6MUJ91187B99DAAA,28.63951,-106.07218,TRANUUU12903CD4347,Event Horizon
AR6OTKA1187B9B6697,34.16788,-111.9307,TRBCQLB128F9332CF4,32 Leaves
AR6QQY41187B990574,56.46137,-2.96761,TRAJHHJ128F4279625,Danny Wilson
AR6RG8J1187B9A815C,51.50632,-0.12714,TRAIXJZ12903CEDB1D,The Frantic
AR6RXJD1187B9B8B23,39.74001,-104.99226,TRAIPAC128F9320FAA,Grace Gale
AR6TD9K1187B9A207D,35.00459,-91.25019,TRACJVF128F92D2DB3,Sister Rosetta Tharpe
AR6TKMQ1187B9ACEDA,40.65507,-73.94888,TRAUDIS12903CC453A,Barry Mann
AR6TZJQ1187B9AD572,45.60718,4.06212,TRAMEQB128F42710BB,Pierre Boulez
AR6UQ8H1187B99DA9E,34.16612,-106.02612,TRBEUQH128F93152E8,Chacho
AR6UVLC1187B9B4D4C,42.33168,-83.04792,TRAIDUU128F145B15D,Suzi Quatro
AR6W5MS1187FB3BF47,34.05349,-118.24532,TRARQWJ128F92E9CCA,Little Feat
AR6WICD1187B998708,39.95227,-75.16237,TRACCMO12903CA4168,Christian McBride
AR6XZ861187FB4CECD,53.40977,-2.97848,TRAHSSO128EF347345,The Beatles
AR6Y8JF1187B9BA1D5,33.92192,-93.14939,TRACAMK128F4265F0D,Jimmy Witherspoon
AR7358P1187B9B6880,41.50075,-99.68095,TRAJSPE12903C9F712,Lexi
AR74W1A1187FB5ACFC,48.20254,16.3688,TRAXHFY128F932E4E7,Devanic
AR76YOD1187FB46B24,40.71455,-74.00712,TRAJLGV128F4232684,Joshua Rifkin
AR77B521187FB4CC70,37.16793,-95.84502,TRAJNFU128F4263469,Lennie Tristano
AR77FBJ1187FB49D8D,42.33168,-83.04792,TRAOXOP128F932D45C,Rance Allen Group
AR78WG01187B98E404,19.45565,-70.70719,TRASXGY128F92C9FC1,Johnny Pacheco
AR78ZID1187B9B31ED,18.11526,-77.27348,TRAIADF12903D0023E,Mikey Dread
AR7AOEJ1187FB3D279,33.35303,-90.59005,TRAXTQS128F428AC41,Little Milton
AR7BMMV1187FB5B2D7,39.15093,-123.2079,TRAIQVJ128F93235B3,Robben Ford
AR7BPLI1187FB4A306,37.77916,-122.42005,TRATMRD12903CBA632,Anthony Blea Y Su Charanga
AR7CKG21187B9AD40F,39.73926,-89.50409,TRAPALW128F9337460,Tijuana Hercules
AR7EF9H1187FB4D8A3,30.53301,-92.08238,TRAUNMO128F92F4C25,Rod Bernard
AR7EL201187B9B85D9,39.52517,-87.1187,TRAXXIT128F4263075,Henry Lee Summer
AR7FDIB1187B99AC5F,51.50632,-0.12714,TRATPDA12903CB2D90,The Equals
AR7G0NH1187FB42E47,34.82973,-89.5647,TRAEUCH128F427FA5E,Gus Cannon
AR7GOK91187FB455F5,48.85692,2.34121,TRAJLEC128F93385A1,Jean-Jacques Goldman
AR7GUNF1187B990CCF,35.2225,-80.83754,TRAHVZW128F146477A,Between The Buried And Me
AR7ISJJ1187B9B2CD6,31.1689,-100.07715,TRBASDY128F9327DB8,Danny Barnes
AR7IYVY1187B9A2648,69.65102,18.95574,TRBGGBF128F425E4D1,bel canto
AR7JPF81187B988D23,32.29869,-90.18049,TRAHSHB128F426E253,Charlie McCoy
AR7KKE01187FB3D87B,31.58076,-84.15601,TRAZKOL128F4234128,Russell Malone
AR7MNIX1187B9A2A68,34.05349,-118.24532,TRAJFQF128F92E354E,Tyrone Wells
AR7N7MI1187FB46935,7.37884,3.89527,TRACUCQ128F92FFBF7,Sade
AR7OCK81187B98D1F1,34.05349,-118.24532,TRAIZLC12903CE6A57,Debbie Davies
AR7OEB71187B995A17,50.93364,4.22417,TRAXMJB128F427089F,Henri Pousseur
AR7Q6QB1187B98A864,27.9758,-81.54106,TRAMLZU128F4284A13,Amilcar
AR7QAHN1187FB35F8B,26.12367,-80.14356,TRAEQOW128F42521E3,Groucho Marx
AR7S48C1187B99711E,33.15049,-96.83464,TRABHVF128F425A0C9,Zuzu Bollin
AR7SF1N1187B9A91D1,33.56173,-81.72239,TRAXALK128F1462FF7,John Berry
AR7TTCH1187FB3F95C,34.60515,-98.38983,TRAHSIK12903CD4EB1,Leon Russel
AR7TTS41187B9B42D3,34.36401,-89.51877,TRAJNTJ12903CDB09A,R.L. Burnside
AR7UBXR1187B9AA0FB,52.47859,-1.9086,TRBHLTT128F425C30D,Musical Youth
AR7V3VQ1187B9A08AA,30.2676,-97.74298,TRAJOER128F92F145A,At All Cost
AR7W7Z01187B998286,37.82245,-85.69091,TRAWNOJ128F4241807,Dark new Day
AR7XU1L1187B98D481,42.31256,-71.08868,TRAQZWH128F934B093,DMZ
AR80BY41187B98DECF,33.45081,-90.645,TRAYGYY128F92CB1CE,Albert King
AR80OOA1187B98E726,38.25486,-85.7664,TRATHRY128F92C319D,Love Jones
AR80YG31187FB58A13,40.71455,-74.00712,TRBFPMP12903CAF2C3,The Bronx Horns
AR82DJK1187B991107,34.05349,-118.24532,TRABJZT128F425C8DC,The Pharcyde / Big Boy / Schmooche Cat / Randy Mack
AR82GTS1187FB5662F,53.41961,-8.24055,TRABOOL128F426E836,Mary Black
AR8360R1187FB47C18,51.50632,-0.12714,TRAXNOE128F149158A,Cass Fox
AR84AQE1187B98AD9C,36.068,-90.9564,TRANNJC128F429F7E3,Washboard Sam
AR84BEJ1187FB58F65,39.95227,-75.16237,TRAPWGW128F92F8F7C,David Raksin
AR858UO1187FB437B4,35.21962,-80.01955,TRAHGMC128F92FB531,Precious Bryant
AR85E3Q1187B997BCA,30.42084,-87.21724,TRAVOWQ128F931412C,Benny Spellman
AR86QIW1187B9AD8F0,32.31928,-86.89775,TRAPIWW128F42514F5,Clarence Fountain
AR88F5X1187FB3EA17,36.16778,-86.77836,TRAEPGQ128F932AE6D,Loretta Lynn
AR89DTT1187B9A7ED5,37.77916,-122.42005,TRAAEOU128F9309DE0,Suzanne Ciani
AR8ANXA1187B98BFC3,57.70133,11.96689,TRASZQB12903CAAE1B,Hellsongs
AR8AZTM1187FB3FB9C,40.4203,-3.70577,TRBAYDA12903CD157D,Julio Iglesias Jr.
AR8BMEQ1187B9B4214,38.2589,-92.43659,TRAIIRM128F933E946,Pumpkin Buzzard
AR8CT8U1187FB4D803,52.47859,-1.9086,TRAESWB128F149CB2C,Dexys Midnight Runners
AR8FMEN1187FB4A657,34.05349,-118.24532,TRAHHPE128F934AC3B,Lizzy Borden
AR8GEH21187FB4F83E,14.56298,121.02183,TRAYQCQ12903C99425,6CycleMind
AR8H87D1187FB3A841,34.03142,-93.50243,TRAOXEU128F4299BE5,Glen Campbell
AR8HQBB1187B99F7BB,41.70671,-73.92937,TRAWCGS128F934BE2F,Shai Hulud
AR8I87E1187FB57E2E,34.26624,-118.4164,TRAYHZU12903CF0DFC,Andrae Crouch
AR8ICFK1187FB5A3A0,42.33168,-83.04792,TRALRYI128F147158D,Rance Allen Group
AR8IS591187B9981AE,35.96043,-92.66602,TRASZCV128F42569C7,Elton Britt
AR8J32V1187FB4F874,49.08215,33.43009,TRAKSDX12903CD9205,Dimitri Tiomkin
AR8K6F31187B99C2BC,46.44231,-93.36586,TRBAMHJ128F425AAF4,Go Fish
AR8L3QV1187FB4C0BB,-34.60852,-58.37354,TRBCJDC128EF35DF44,Bruno Sanfilippo
AR8LD3R1187FB4D08F,30.9742,-91.52382,TRACETS128F9313A75,C.C. Adcock
AR8M6LC1187B998D48,34.41925,-119.69887,TRBAIAW128F92C5652,Motograter
AR8PL5L1187FB37A10,37.27188,-119.27023,TRAFYNE128F422F3CB,A Perfect Murder
AR8Q4RZ1187FB46BDC,33.01158,-94.365,TRACHYC12903CEAAB6,T-Bone Walker
AR8RXRI1187FB4104B,39.95227,-75.16237,TRAHVUK128F1456988,The Roots
AR8SBT41187B9A5FD9,40.99471,-77.60454,TRBGCWM12903CF5BF7,Total Fucking Destruction
AR8SRQ31187FB4D477,52.94922,-1.14392,TRACNXS128F93395BA,Ten Years After
AR8UA7Z1187B9AD9C9,48.10751,-1.68447,TRARXJJ128F1452983,Étienne Daho
AR8V1WA1187B9AD9E9,42.33168,-83.04792,TRAXLPR128F428E466,The White Stripes
AR8W8DN1187FB35ED0,34.05349,-118.24532,TRAHWSF128F934B190,The Germs
AR8WHEJ1187B98CDCA,34.7519,-92.13055,TRAIMGT128F935F8F2,Dee Clark
AR8XG9J1187FB418C1,33.54243,-90.53727,TRAATXO128F92D97A6,Jerry Butler
AR8YUQT1187FB531D0,37.27188,-119.27023,TRAVQWO128F429BC6B,Montrose
AR8YV1I1187FB45D2B,40.71455,-74.00712,TRAAIGD12903CA2F3C,Rory Block
AR8ZTV41187FB3F311,57.15382,-2.10679,TRAFVTW128F92CDA70,James Scott Skinner
AR90X8J1187B995250,62.19845,17.55142,TRBERCZ128E0787D93,Caramell
AR91C8S1187B990901,40.23447,-74.29504,TRAOPRI12903C9FC25,Bruce Springsteen
AR91DZT1187FB4C599,52.47859,-1.9086,TRBBBFO128F931535D,Frost
AR91GW21187FB4F642,32.74863,-97.32925,TRBCCLU12903CDBAC4,Roger Miller
AR93D4D1187FB3ACAD,35.472,-97.52033,TRACRBQ128F4263964,J.J. Cale
AR93K7R1187B9AC92A,59.91228,10.74998,TRAOAFJ12903CF9652,Black Debbath
AR93RTI1187B98ECFB,30.38815,-96.0878,TRAXWIG128F4230D19,Mance Lipscomb
AR93WAA1187FB42116,41.35644,-72.09647,TRAPBHY128F148946F,Cassie
AR95F611187B99CE1C,35.14968,-90.04892,TRBBVDW128F932262A,Anita Kerr
AR95QS71187FB3F49A,32.67828,-83.22295,TRARVMJ128F146A77E,Joi
AR9788H1187B9A05D1,39.95227,-75.16237,TRACVTK128F4288966,Outerspace
AR97EHA1187B98AD5F,30.33138,-81.6558,TRAATNN128F92FD35F,Blind Blake & The Royal Victoria Hotel Calypsos
AR99OWM11C8A4149FD,46.25605,7.6244,TRALGEJ128F932552A,Arco Iris
AR9AM2N1187B9AD2F1,53.4796,-2.24881,TRARBJW128E0788A1A,Inspiral Carpets
AR9AN471187B99E0DA,33.74831,-84.39111,TRAAOTT128F14AE002,Scott Wesley Brown
AR9DO2O1187FB53637,50.97768,11.02307,TRAJOZN128F92D688E,ColdWorld
AR9EZGO1187B9A401F,36.73112,-91.85307,TRAAYRA128F92E9CC7,Jan Howard
AR9G2A41187B99951A,43.58828,-79.64372,TRAYNVX128F933091B,Las Niñas
AR9ILJF1187B9B80ED,33.89275,35.48527,TRAHEPG12903CAECB2,Gabriel Yared
AR9JLBU1187B9AAEC4,-33.96243,25.62326,TRANRGH128F930779A,Danny Williams
AR9K6SJ1187B989A32,40.14323,-74.72671,TRBBXXC128F427044F,Cassius Clay
AR9KWJK1187FB4A531,18.22328,-66.42889,TRABVAR128F421CFCB,Willie Rosario
AR9LJ9D1187FB4303D,18.01571,-76.79731,TRAHEEY128F9335ECD,Sean Kingston
AR9LT7R1187FB4543A,30.16602,-96.39998,TRAZBPE128F936741A,Darden Smith
AR9M9XY1187B98B2F8,30.08374,31.25536,TRAVAUF128F93033E5,Abbott & Chambers
AR9N3N31187B9B87CC,51.48126,-3.18067,TRAZUBN128F426F002,Hunters
AR9NA5G1187B98F460,42.33168,-83.04792,TRAXQNF128F1486DD9,The Raconteurs
AR9O0LF1187B99D0D1,40.71455,-74.00712,TRAXBLJ128F92EEBB1,Aisha Duo
AR9O98A1187FB39621,40.71455,-74.00712,TRASHPV128F4281CB1,The Strokes
AR9OLFX1187B9A5762,31.30757,-96.63166,TRACHSH12903CEBC2C,Bob Wills
AR9OTFC11C8A415220,55.67631,12.56935,TRAHKEG12903CDB829,D.A.D.
AR9RTS51187B996CC8,19.59009,-155.43414,TRACFJE128F934C8D5,John Legend [feat. Buju Banton]
AR9ST641187B99B4DE,38.62774,-90.19951,TRAFMNM128F4251008,Cal Tjader
AR9SU0S1187FB53D0F,37.27188,-119.27023,TRBHOXO128F932A739,Easy Star All-Stars
AR9VEMN1187FB4D75B,51.50632,-0.12714,TRAFCZM128F931AD24,Caspa
AR9VI9M1187FB410CC,41.58979,-93.61566,TRAQYZO128F930BC98,To My Surprise
AR9YQN31187FB45B34,39.95227,-75.16237,TRAAXMC128F14A53EA,James Darren
ARA0JEL1187B998FA3,49.26044,-123.11403,TRAXGZE128F4287B9E,Dub Wiser
ARA0YAE1187B9B1D16,35.21962,-80.01955,TRAILRO12903CAF936,John Brown
ARA26TC1187B9B8505,37.27188,-119.27023,TRANROU12903CE0B65,Bukue One
ARA2CR31187FB36A39,49.38426,-84.75627,TRAXUQB12903CF2E82,The Kitchen
ARA2ZTN1187B98E3ED,41.50471,-81.69074,TRAJRXL128F42760EC,This Moment
ARA65601187FB57BD9,40.71455,-74.00712,TRAYUEL128F4290B28,Roger Sanchez
ARA6QLT1187FB4CB89,34.74865,-92.27449,TRBGGRU12903CAAA2D,Dan Hicks
ARA7EEC1187FB4C392,49.01037,8.4092,TRAOPXD128F9326B04,Snowgoons
ARA7WV51187FB532B0,44.48721,-71.56889,TRACBEI128F42558D3,GG Allin
ARA82JG1187FB36131,40.76596,-95.3756,TRAGBMD128F429AB9D,Charlie Haden & Chris Anderson
ARA8O8L1187B9AD61D,30.79062,-89.8643,TRAMPHV12903CF952C,Professor Longhair
ARAAP251187B99DDE0,10.73445,-71.63056,TRBEVZN128F9330A0D,Guaco
ARADC5W1187B993322,36.16778,-86.77836,TRAOOQN12903CEB763,Dottie Rambo_ The Whites
ARAG1DX1187B98BB10,41.88415,-87.63241,TRALLQX12903CD838C,Ben Sidran
ARAH4TU1187FB51D28,38.62666,-88.94561,TRAEMTU128EF363016,Bill Laswell
ARAHILU122988FD7D1,37.77916,-122.42005,TRAPOEB12903CA4E41,Mind Furniture
ARAJ5XN1187B9B578B,39.73926,-89.50409,TRAQESC128F92D9527,Jimmy Johnson
ARAJPHH1187FB5566A,40.7038,-73.83168,TRAACSL128F93462F4,The Shangri-Las
ARAK3HK1187FB51B38,-24.9162,133.39311,TRBATNQ128F4227DD7,The Stems
ARAKARO1187B9A1EB6,51.50632,-0.12714,TRAGAPY128F92F5DDE,George Michael
ARAKX8D1187B98CCE2,35.83073,-85.97874,TRAXEUB12903CBAA99,Bob Cheevers
ARALEAC1187B9902A8,51.89834,-8.47277,TRAITHR128F42B7E26,Rubyhorse
ARALP6I1187B989E27,40.86034,-74.12374,TRAHBWE128F9349247,The Shirelles
ARALUUG1187FB58696,30.43883,-90.44116,TRAIHSY128F1484AB6,Irma Thomas
ARAOADX1187B98AED3,36.15398,-95.99277,TRAXDJG12903D042A2,Dwight Twilley
ARAOPEF1187B995099,32.61518,-93.286,TRAVEOQ128F931C8F4,Percy Mayfield
ARAPI451187B9B6E6F,35.472,-97.52033,TRACYBU128F14AE4DD,John Michael Talbot
ARAPLFD1187B98DABD,27.9758,-81.54106,TRALUQG128F4263E40,Robin Fox
ARAQOK81187B98DD4A,37.16793,-95.84502,TRASNDM128F92E17E7,Ginny Owens
ARASJQK1187FB5B9D1,35.61301,-90.33078,TRAENGY128F4272846,Buddy Jewell
ARASSX21187FB528B7,52.8029,-2.10633,TRAAQOH128F4265CE6,Bizarre Inc
ARASWKT1187B9923B7,38.62774,-90.19951,TRARZFN128F42680B8,Felix Slatkin/Concert Arts Symphonic Band
ARASYMJ1187B9ACAF2,51.50632,-0.12714,TRACYXW128F4297569,Whitesnake
ARAU2Q51187FB50D4C,32.34747,-95.2943,TRAMVYI128EF35FDD8,Smiley
ARAVPU21187B993957,40.19033,-82.66947,TRAQOMM12903CC1D1C,Don & Juan
ARAVWPR1187FB4736D,7.33532,-72.94832,TRBDGRE128F92EF768,Mac Dre
ARAWBUP1187B9B93FC,34.7519,-92.13055,TRASUKM128F422AA6F,Casey Bill Weldon
ARB054P1187B9AD32E,37.77916,-122.42005,TRAYUCR128F92E574F,Santana
ARB0T441187FB3B064,40.71455,-74.00712,TRAPUED128F92C5741,Grachan Moncur III
ARB1LM61187FB4DDF4,38.57842,-93.2393,TRALKHJ128F92E9D36,Leroy Van Dyke
ARB29H41187B98F0EF,41.88415,-87.63241,TRACWEH128F1456890,Terry Callier
ARB2M051187FB56FA9,40.71455,-74.00712,TRAXLAY12903CA8612,The Sugarhill Gang
ARB336A1187B9A4583,42.25147,-83.18186,TRANTAN128E078B326,The MC5
ARB6OGR1187FB4D43D,43.58015,7.12123,TRASBSO128F1465A78,M83
ARB8KZ11187B9A21ED,32.67828,-83.22295,TRBCIXP128F14A3016,Steve Harvey
ARB9WJ11187B98BF17,42.08317,-71.01724,TRAIDMR128F9327232,Steve Smith
ARBAW9R1187B98FB6B,51.50632,-0.12714,TRAWFTQ12903CAC1FA,Natasha Bedingfield
ARBBFSA122ECCBD070,51.16418,10.45415,TRASPVS128F92F6EA3,089 Clique feat. Minnesota Snipe & Skinny Cueball
ARBD4QW1187FB42153,62.19845,17.55142,TRAJFCB128F427FE87,Scar Symmetry
ARBE9XH1187B9A826F,40.65507,-73.94888,TRAZLIO128F92F1DB0,Joell Ortiz
ARBFCK11187FB4C89B,36.17191,-115.13997,TRAGQLG128F9351109,Brian Eno And David Byrne
ARBFDJW1187B9AD27A,30.2676,-97.74298,TRAJMEL128F4262B4A,The Fabulous Thunderbirds
ARBGXIG122988F409D,37.77916,-122.42005,TRABBAM128F429D223,Steel Rain
ARBJC9U1187B9A70AC,39.95227,-75.16237,TRARKAN128F429AB6D,Kitty Kallen
ARBJI5N1187FB400D0,40.71455,-74.00712,TRASTZY128F145B055,Jay & The Americans
ARBKUS51187B98A3AC,35.4948,-85.01235,TRAAIIE128F4288BB1,Howard Armstrong
ARBLIP81187B98BE0C,18.11526,-77.27348,TRAFNVQ12903CE7322,Judy Mowatt
ARBM57Q1187B9AF97C,34.05349,-118.24532,TRACFBD128F426CC34,James Horner
ARBNXYA1187FB51C50,18.22328,-66.42889,TRAOQFQ128F92F476E,Daddy Yankee / Bounty Killer
ARBOG0H1187B99F775,47.565,-122.62569,TRACPIC128E0792500,MxPx
ARBQPXY1187B98D67B,25.89958,-97.49553,TRACJWY12903CB7DBF,Kris Kristofferson
ARBR7II1187B9B821E,40.65507,-73.94888,TRBBMTZ128F4260C61,The Flesh
ARBU6D71187B9B5319,30.19145,-93.58068,TRAYUID128EF340775,Clarence "Gatemouth" Brown
ARBUHDB1187FB3E72C,46.87591,-96.78176,TRAXIPR128F14882B2,Bobby Vee
ARBUOMY1187B99F2EB,37.77916,-122.42005,TRAXRPG12903CEDD73,Messy Marv featuring Clover Geez
ARBV2AK1187FB5BA33,39.95227,-75.16237,TRBEJKW128F92FCEED,Len Barry
ARBWFER11C8A42BA94,37.77916,-122.42005,TRAMXIQ128F4246FAF,The Weegs
ARBYFR71187B99A2A4,30.2676,-97.74298,TRAOPNO128F92CE9BC,Sam Baker
ARBZAIL1187FB5B1C8,42.31256,-71.08868,TRAXMHR128F421A89B,Bob Margolin
ARC0MTS1187FB44C21,50.84838,4.34968,TRAJBRT128F9303318,Toots Thielemans
ARC15471187FB4640C,38.49809,-98.32023,TRAGTXE128F4229231,Hurricane
ARC18161187FB4CF4B,40.71455,-74.00712,TRAMODP128F426247B,Amil
ARC2BFH1187B98F3C8,40.71455,-74.00712,TRAMLJB128F4220AC2,Pete Miser
ARC3EZO1187B9B9314,-24.9162,133.39311,TRAKPSU12903CF473D,Angels
ARC3JTL1187FB4A1CE,39.74023,-75.55084,TRBHUQW12903CA89A7,Hawkshaw Hawkins
ARC4O5Z1187B9AE91F,46.71067,1.71819,TRAOGVB128F92D5779,Klimperei
ARC6UC81187B989062,40.71455,-74.00712,TRAAQBF12903CF796B,Hem
ARC7C241187B990F7F,33.74831,-84.39111,TRAPDQG128F93018C0,Becoming The Archetype
ARC95UW1187B9B9A62,43.04181,-87.90684,TRAZPQE12903CEDBDD,Speech
ARCBYJW1187FB51FD8,41.88415,-87.63241,TRAJCJT128F4269E0C,Major Lance
ARCDCFY122ECCBCC6A,40.99471,-77.60454,TRBEPWY12903CB1CBE,Proficy
ARCDQRB11F4C844880,40.71455,-74.00712,TRATJNG128F4255834,G.G. Allin
ARCDXI51187FB57A2E,40.19033,-82.66947,TRBHPLS12903CB0FE6,Goose
ARCEEC91187B9AC4FB,44.97903,-93.26493,TRAQNHD128F42438E2,Alexander O'Neal
ARCEOW71187B9A5A71,51.50632,-0.12714,TRABLVP128F426EE4A,B.A.D.
ARCF2WB1187FB54132,-24.9162,133.39311,TRBDOTZ128F422A961,Lightforce
ARCH7RE1187FB5B1B9,30.22032,-92.01705,TRAMZVC128F92E0729,Red Stick Ramblers
ARCHKD91187B9A0A42,40.71455,-74.00712,TRBHZNF128F14989FE,The Ronettes
ARCHVKD1187B9934E9,37.77916,-122.42005,TRAFKTU128F4234726,Bill Perkins
ARCICZN11EB9C810B3,27.9758,-81.54106,TRABLJH12903CD14F8,Rising Lion
ARCII0J1187FB3A1B4,40.71455,-74.00712,TRAXEDF12903CD5DFB,The Marx Brothers
ARCIXWX1187FB4F1DF,37.77916,-122.42005,TRALMDB12903CCE912,3 Way Funk
ARCK6OL1187B99B25F,27.9758,-81.54106,TRAIMTO128F4288EEF,Alas
ARCLCFS1187B9AE476,-23.56287,-46.65466,TRAAQWF128F92D1AAD,Laurindo Almeida / Carlos Barbosa-Lima / Charlie Byrd
ARCLJQZ11E2835CE37,37.80506,-122.27302,TRAJVMY128F147BF78,Alvin Youngblood Hart
ARCLLH11187FB48DE0,32.77815,-96.7954,TRBCSPV128F4262DD7,Jimmie Vaughan
ARCP8YG1187B997D72,52.88356,-1.97406,TRABNNO128F9342FE3,Claire Hamill
ARCP94M1187B9B0F56,42.88544,-78.87846,TRAFYYU128F4229376,Every Time I Die
ARCPN4U1187B9A94B7,42.21464,-72.59378,TRAMOOQ128F93268E3,Freakhouse
ARCPY7O1187FB5C0B7,30.2676,-97.74298,TRBFLFI128F427F374,RIDDLIN' KIDS
ARCQCYR1187B99367F,46.53338,-93.70737,TRBIFAU128F9328EC4,Jonathan Edwards / Will Ferrell
ARCQQ3S1187B9A6D98,31.1689,-100.07715,TRBCRNO128F92E2AA2,DJ Primo
ARCSHVZ11C8A41575B,36.0632,-94.15791,TRAQVFU12903CDCB07,Take It Back!
ARCW5RB1187FB4383F,31.1689,-100.07715,TRARHMM128F92F2DC9,Jessie Lee Miller
ARCZ20M1187FB49687,32.77942,-91.56123,TRAMXVY128F931C1EF,Tony Joe White
ARCZN5K1187FB42CF8,31.1689,-100.07715,TRBGTPL128E0783C11,Joe Lopez
ARD0FN11187B9B25CD,40.85715,-73.85678,TRAIRLU128F92D0250,Bobby Darin
ARD2F1Z1187FB3D27E,18.11526,-77.27348,TRBDGOB12903CD8CB9,Carlton Livingston
ARD2HR71187B99548F,34.80046,-87.67525,TRAIJGU128F931FA16,Jimmy Hughes
ARD4LQ61187FB470F1,33.53584,-92.82984,TRBIGUJ128F92D674F,Little Willie John
ARD5K161187B9AC784,51.27562,0.17898,TRAASFP128F42980BD,Orbital
ARD5SR21187B9B5F4A,60.99655,24.49511,TRAOZSG128EF3428D8,Irwin Goodman
ARD6L7O1187B995ADA,51.73569,0.47791,TRAJEIK128F92F19EA,Dave Valentin
ARD7U0O1187FB5531A,49.34463,2.40955,TRAJFYH128F4246121,Andre Verchuren
ARD842G1187B997376,43.64856,-79.38533,TRAHRRS128F4282F7A,Blue Rodeo
ARD94MR11C8A42B029,35.83073,-85.97874,TRAMDVH12903CDCD55,Richie McDonald
ARD9THI1187B98EAD0,31.1689,-100.07715,TRAVUYL128F934A9C5,Larissa
ARDBSFT1187B9AC9C1,40.71455,-74.00712,TRANUME128E0789D4C,Fountains Of Wayne
ARDC3571187B9988E1,33.76672,-118.1924,TRAJUAP128F423CB89,Nu Flavor
ARDCKVJ1187FB54D1F,35.78032,-87.46671,TRAXPYB128F92FA0EB,Syl Johnson
ARDCQM61187B9951CE,-33.86963,151.20695,TRAHROM128F9308F9B,Sneaky Sound System
ARDD9UN1187B98D3A7,31.84666,-91.657,TRAAHKE128F421389B,Sonny Simmons
ARDDWUI1187FB379F7,60.17116,24.93258,TRAHCTH128F9330B4A,Amoral
ARDE52X1187FB438CD,32.67828,-83.22295,TRBBNRP128F92EDD9D,Billy Pilgrim
ARDE7I31187FB43352,23.1168,-82.38859,TRAHOIN128F1473575,Gonzalo Rubalcaba
ARDF6RM1187FB5A409,40.71455,-74.00712,TRAOXGY12903CD926C,Martin Denny
ARDFZE61187FB45994,35.83073,-85.97874,TRAUIYH128E078DA2F,Jake Hess
ARDG6IY1187B9AAE87,47.04954,8.30437,TRAIQQM128F429596C,Mothers Pride
ARDG9Z71187B997023,51.50632,-0.12714,TRAMDQE128F1458F98,Public Image Ltd
ARDGB6U1187FB3AD07,51.50632,-0.12714,TRAAEMJ128F425A917,Eurythmics
ARDHKHJ1187B9B62EA,31.1689,-100.07715,TRACSFC12903CEAF33,Steve Wilson
ARDHWW41187B9A86B0,43.07295,-89.38669,TRBBHFE12903CA5EEB,Paris_ Texas
ARDINVM1187B98A6C1,48.69173,2.29005,TRAMLQC128F429222A,Marc Lavoine
ARDIP5S1187FB57056,27.9758,-81.54106,TRAFZKY128EF36588B,Diamond D
ARDK0551187FB5AC48,31.30627,-96.89774,TRAHZIL12903CF1DC2,Blind Willie Johnson
ARDK5LC1187B9AB681,35.36302,-89.77895,TRABPAG128F92E2D80,Bobby Bland
ARDK6QW1187B9B8D85,53.93063,-1.20788,TRARPOL128F92F5973,UK Subs
ARDKSWK1187B99092B,52.88356,-1.97406,TRAHCZO128F933EA9B,Stan
ARDL6T21187FB36FDD,29.89932,-93.92938,TRACPVU128F933FDD5,C.J. Chenier
ARDM8331187B9B947E,-34.60852,-58.37354,TRAYSUA128F9338AD8,Pedro Aznar
ARDMKKB1187B9A0EDA,31.1689,-100.07715,TRAKYDL128F9349254,Très
ARDMPZU1187B99A472,51.50632,-0.12714,TRAUDZF128F147217A,Light Of The World
ARDNBQU1187B9B6DC2,45.49441,-114.14328,TRALZIG12903CBCD0C,Kieran
ARDNQ0R1187B9BA1EF,29.95369,-90.07771,TRARVMO128F427DF04,Lonnie Johnson
ARDNS031187B9924F0,32.67828,-83.22295,TRAJNWY128F1453771,Tim Wilson
ARDP3WW1187FB3D28C,45.4215,-75.69189,TRAUDHC12903CE6B13,Sue Foley
ARDPFGP1187B98A58A,59.33217,18.06243,TRAJGCA128F9306CFF,Concretes
ARDPTGD1187B9AD361,36.87652,-89.58828,TRAHKGQ128F1458CAB,Brand X
ARDPZFB1187B9A91C3,49.89942,-97.14074,TRAHXOI128F93254C8,Gisele MacKenzie
ARDQ9AP1187B9BA3F6,42.31256,-71.08868,TRAIGNN128F9326AB4,Killswitch Engage
ARDTECS1187FB538C0,42.93896,-74.18893,TRAJRBF12903CDCA3F,Symphony in Peril
ARDUWD61187FB58F58,32.78115,-79.9316,TRATOQD128F9336A53,Alphonse Mouzon
ARDW5AW1187FB55708,42.78668,-96.92803,TRAYYGG128F1483C70,Shawn Colvin
ARDXWVZ1187B9B52F1,40.71455,-74.00712,TRASZAS128F427CC7F,Michael Whalen
ARDY3451187B9A0226,38.68193,-84.59431,TRAYMFR12903D09540,Skeeter Davis
ARDYMTV122ECCBC383,-0.02435,37.90395,TRAUKQD128F932C66D,Samba Mapangala and Orchestra Virunga
ARDZQ5U1187B9ADEAE,37.8695,-122.2705,TRAZSCZ128F42554F4,John Fogerty
ARE0OLY1187B9AD19F,40.79263,-73.80817,TRACBVI12903D0C406,Jesse Malin and The St. Marks Social
ARE0X5X1187B993A86,42.32807,-83.7336,TRAUARF128F9337BD4,Midwest Product
ARE13NK1187FB4CF92,51.50632,-0.12714,TRAMNGQ128F92F56EE,Alternative TV
ARE17W51187FB5381B,51.50632,-0.12714,TRACJOQ12903CBBB64,Rui Da Silva
ARE1N571187B98A47D,51.50632,-0.12714,TRAATWQ12903CC5BA8,Prozak
ARE26EG1187B990AEF,51.77045,0.64255,TRASUDV128F42B86FB,Sunscreem
ARE2QID1187B98FA19,35.74595,-89.53176,TRAIRHS128F4287576,Sleepy John Estes
ARE36MM1187B991E50,31.1689,-100.07715,TRAHEII128F9307D9A,Blind Lemon Jefferson
ARE5OK11187FB450F1,39.73926,-89.50409,TRANNLE128E07871BF,Viktor Krauss
ARE7AY71187FB53D26,62.19845,17.55142,TRASNKG12903CFD2CB,Play
ARE815V1187B998A43,40.71455,-74.00712,TRAETGI12903CBCC00,T-la Rock
ARE8LV21187B9B9A6B,34.05349,-118.24532,TRAOXCO128F147830B,Shifty
ARE8V001187B994A56,30.2676,-97.74298,TRBGXSP12903CD05DA,Guy Forsyth
ARE9SYU1187B9B9838,29.18752,-82.14039,TRACISV12903D13877,Jerry Reed
AREB9421187FB458EF,35.472,-97.52033,TRADWHL128F933E397,Tommy Overstreet
AREEMIN11F4C848971,52.1082,5.32986,TRAAKSB128F934D73A,Gil Semedo
AREENKN1187B98F35D,40.71455,-74.00712,TRAMXJC128F428E68F,Plasmatics
AREJXK41187B9A4ACC,46.71067,1.71819,TRAXHQZ128F4278712,Raphael
AREKO1L1187B997EFE,55.70622,13.1876,TRAYKKU12903CD21CB,The Radio Dept
AREKZKE11F50C4A7D8,44.7272,-90.10126,TRAJJZZ128F930B88C,Rocker-T
ARELA4P1187B991507,31.1689,-100.07715,TRACHOZ12903CCA8B3,Charles Williams
ARELMNO1187FB52929,38.03213,-78.47753,TRAODAO12903CB24B8,Bottom Of The Hudson
ARELVCU1187B98F3E5,46.8132,8.22395,TRAEJPC12903CD420E,Serpentine
AREMHJX1187FB41DAB,51.50632,-0.12714,TRARTIV128F92F87F0,DJ Vix
AREN9121187B99D57A,40.71455,-74.00712,TRBGXBT128EF34EB68,Elvira
ARENXFQ1187B996F17,39.95227,-75.16237,TRAXUYT12903CCBF21,Ram Squad
AREOGMA1187B9908EF,37.77916,-122.42005,TRAHPUC128F92D1EC3,Hot Tuna
AREOREU1187B99AACD,-41.28054,174.76714,TRAIAFX128F92F7F4C,Rhian Sheehan
AREQ9AY1187FB40E19,37.97615,23.73641,TRAKKWR128F9314A64,Spitfire
AREU6JB1187B9911D4,30.9742,-91.52382,TRAFNNT128F92E4E81,Virtuoso
AREUIRT11F4C8408E6,52.50524,-1.81531,TRAHGGG12903CEA033,Peter Spence
AREUMQS1187FB3AC8F,43.71371,13.22305,TRAWPHN12903CBFDAF,Fabri Fibra
AREUUVW1187B99A697,40.7038,-73.83168,TRBCGXN128F148C0CD,Paul Stanley
AREV0ZO1187B997221,32.77815,-96.7954,TRAYQEY128F93145DC,Doyle Bramhall
AREVNQH1187B98FDDB,51.89834,-8.47277,TRAWODX128F42AC413,Peter Gallagher
AREVWGE1187B9B890A,-13.442,-41.9952,TRABCYE128F934CE1D,Bitter End
AREW0021187B9AF8F9,40.71455,-74.00712,TRAIIDR12903D06335,Giuseppi Logan
AREW7CO1187B9A1B0D,34.05349,-118.24532,TRAHZLK12903CA2DCA,Onesidezero
AREWQSE1187B9AEC6C,32.58507,-89.87374,TRAHVBC12903CEF90F,The Jackson Southernaires
AREXM411187FB560C4,34.04597,-117.84881,TRBADFE128F4222B3B,We Five
AREXX3T1187B989950,38.8991,-77.029,TRAHKUS128F425ABD8,Scott Krippayne
AREY3RN1187B993C5F,29.95369,-90.07771,TRACKWV128F934B6B0,Goatwhore
AREZBYP122C86758CC,40.99471,-77.60454,TRATBFX128F4221186,Rusted Shut
AREZMPH11F4C83B364,35.83073,-85.97874,TRARALS128F934F7C1,Everly Brothers
AREZWC61187FB52DCF,29.76045,-95.36978,TRAPRGZ12903CB7132,Johnny Nash
ARF0COO1187B99B9EF,43.72233,-90.59239,TRABXPR128F92F27FE,Cauterize
ARF1FZV1187B98C928,41.0981,-80.65079,TRAFXAM128F9349349,Tiny Bradshaw
ARF1Q9B1187B9ADCC7,33.6671,-117.76505,TRBGHJG128F428ADB4,Lit
ARF2EHS1187B994F4E,36.16778,-86.77836,TRAIBXQ128F425E6A5,Kings Of Leon
ARF3FRP1187B9A77BF,62.19845,17.55142,TRBAUFL128F429CD53,Groupa
ARF3L8J1187B9B7866,37.97615,23.73641,TRACWNC128F42ABB99,Astarte
ARF3XJD1187FB38DE0,40.69214,-89.58776,TRAGPKF128F427B439,Cristy Lane
ARF4V431187FB3AA41,27.94653,-82.45927,TRAMPPX128F429BF75,Slim Whitman
ARF84A41187B9A34E7,37.87869,-121.94345,TRAYZXR128F934858F,Rancid
ARF88UQ1187FB5A3E9,37.77916,-122.42005,TRABFXR128F9350B92,Jay Tee & Baby Bash
ARF9BNW1187FB3F54B,35.68094,-85.77449,TRBDFCT128F4285E05,Dottie West
ARF9N341187B9B9BFB,40.71455,-74.00712,TRAYCUH128F9303485,Recluse
ARFCUN31187B9AD578,51.50632,-0.12714,TRAADLN128F14832E9,The Rolling Stones
ARFEAZE1187B99A080,44.09319,12.39424,TRATEWX128F427CCC1,Swim
ARFEV5S1187B99F2EA,56.95468,-98.30897,TRANIJF128F422E570,Aeoliah
ARFFDZU1187FB50682,40.71455,-74.00712,TRABTBA128F9312BD8,Alan Silvestri
ARFG66D1187FB536B6,40.71455,-74.00712,TRAZQBG12903C9CE49,Junior M. A. F. I. A.
ARFH6FT1187FB5BF47,39.49974,-111.54732,TRAYYXC128F4254C91,T.O.K.
ARFJD5L1187B9A30BA,21.51102,-77.80679,TRACVGF128F4277847,Los Van Van
ARFK98R1187B9B0552,43.64856,-79.38533,TRABIZY128F933C696,Pursuit Of Happiness
ARFKY7F1187FB3EFAC,52.88356,-1.97406,TRBCACR128F425E727,Axe
ARFKYG51187FB4CE41,44.64616,-63.57392,TRANZTY128F424D794,April Wine
ARFLD291187B9966AA,30.2676,-97.74298,TRAGEFP128F429B217,Damita Jo
ARFN2TE11A348EFFB4,36.15398,-95.99277,TRAFOKY128F92ED751,David Cook
ARFN3YG1187B9AD9F1,56.87546,24.6075,TRAWFCM12903CBE6FA,Skyforger
ARFN4JN1187B98C627,-22.96566,18.48617,TRBGJZN12903D0D2FC,Bedrock
ARFNJ4O1187B9A204B,52.47859,-1.9086,TRASKYR128F930A576,Broadcast
ARFQ3191187B98AD2E,39.76618,-86.44105,TRAFSLJ128F14913B0,Marion Harris
ARFQWAA1187FB3BACB,31.1689,-100.07715,TRBEYPF128F92EA5E8,Julissa
ARFRKCM1187B99A041,35.33204,-96.92483,TRAHHAY12903CD8B6F,Jamie Richards
ARFS01P1187B9A395A,42.17963,-72.92483,TRAAOEH128F426A82F,Leland Martin
ARFTMGO1187B9A777A,43.64856,-79.38533,TRAYXMZ12903CAB146,Percy Faith
ARFUSID1241B9C9462,44.41033,8.93889,TRAHNXA128F92E57A9,Daniela Dessì
ARFVYJI1187B9B8E13,47.60356,-122.32944,TRARQSD128F427E2AA,Pearl Jam
ARFXRHR1187B98FF09,32.34973,-90.45987,TRBGPHG12903CE6CC3,Bo Carter
ARG03XQ1187B99A494,27.9758,-81.54106,TRAKNRH12903CA189C,Dobby Dobson
ARG09R51187FB4D5C2,34.60515,-98.38983,TRAHABN12903CBD3C5,Bryan White
ARG1FA61187B994921,41.0981,-80.65079,TRAWGSI128F92D3E8D,Bobby Marchan
ARG36WO1187B9B3A9A,48.42831,-123.36451,TRAGZBS128F931DF7C,Jeff Talmadge
ARG4K2W1187B99EA5D,38.00335,-79.77127,TRAVBSQ128EF344B3C,Charles Aznavour
ARG53231187FB3982D,39.95227,-75.16237,TRARODV128F1460DBC,The Starting Line
ARG99CA1187FB3D09A,38.8991,-77.029,TRBFOLO12903CB2676,2XL
ARG9CID1187B9AB010,40.85251,-73.13585,TRANDBY128F146E8CC,Taking Back Sunday
ARG9E8O1187B99AB4F,42.31256,-71.08868,TRACFOV128F9340D81,Bury Your Dead
ARGBR4I1187B99D073,47.60356,-122.32944,TRAMVMU128F4241923,Mudhoney
ARGC7FQ1187FB409CC,40.71455,-74.00712,TRAIPWD128F4247FEF,Stew
ARGCFSQ122988F7D0B,40.19033,-82.66947,TRBDFLD128F92D076F,Buckeye Politicians
ARGCY1Y1187B9A4FA5,36.16778,-86.77836,TRAYSVT12903CA4037,Gloriana
ARGE4J31187B9B41EE,62.19845,17.55142,TRAIXTR128F9352D40,Sofia Karlsson
ARGEKDX1187FB3A5BF,40.65507,-73.94888,TRACXGV128F9349C63,Marcus Miller
ARGFFA01187B9A2D11,33.86404,-118.39535,TRANQEQ128F428AD70,Pennywise
ARGH53H1187B9A5511,29.76045,-95.36978,TRANWCP12903CF31D3,Cliff Bruner
ARGHPIE1187FB3CCDF,33.7621,-90.30507,TRANZOR128F9307EFD,Fenton Robinson
ARGHV4C1187B995847,41.51776,-72.75753,TRAJZII128F9358893,The Mustangs
ARGIABO1187FB4B3B5,35.32689,-83.80489,TRAHVRW128F92F15FE,Ronnie Milsap
ARGJ0911187FB4613F,40.71455,-74.00712,TRAOOQT128F148B557,Maria Muldaur
ARGK9MB1187FB37402,40.8448,-73.93585,TRAOMQN128F9328043,MIMS
ARGKD4W1187B990E04,33.71197,-84.10599,TRAYWSL128F4222D80,Brenda Lee
ARGKWSI11F50C488CC,38.50205,-117.02258,TRAHQST128F9343EB6,Smidi Beats
ARGLOWN1187B99C06D,34.82353,-89.99726,TRAXKLH128F4289138,North Mississippi Allstars
ARGMCPU1241B9C4C34,43.87165,-72.45165,TRAUPBI128F4231325,Scott Ainslie
ARGMXQW1187FB54C34,-23.56287,-46.65466,TRACAMS128F9307856,Eliane Elias
ARGNZOL1187FB5CE7C,37.27188,-119.27023,TRAVGKM128F92C58B4,Fernando Ortega
ARGOLWM1187B98CEDE,43.7427,-84.62167,TRAOSLL128F930687E,Commissioned
ARGP3GD1187B999801,37.80506,-122.27302,TRANIJG128F92EFC9B,Tony Martin
ARGPFYP1187B98F5CB,39.75911,-84.19444,TRAMCHM128EF365672,The Highwaymen
ARGQANQ11F50C4769E,37.87869,-121.94345,TRAIAMS128EF34DC1B,Y&T
ARGR7431187FB3F3FB,48.88314,2.62879,TRAMNDO128F9315128,Jacques Higelin
ARGS67J1187FB3FC1A,37.27188,-119.27023,TRAHKNW128F9312CFD,Righteous Brothers
ARGSJW91187B9B1D6B,35.21962,-80.01955,TRAODQE128EF34F51B,JennyAnyKind
ARGSJXS1187B994788,40.71455,-74.00712,TRATPJK12903CBF745,Big Dee Irwin
ARGUACZ1187FB3F35C,41.68676,-85.97567,TRAIKBB128F428AD73,Connie Smith
ARGV2PR1187B9AD702,41.90311,12.49576,TRAVOBO128F422B7BC,Cecilia Bartoli / International Chamber Soloists / Orchestra La Scintilla / Adam Fischer
ARGWFMR1187B98D0E7,-19.59634,-40.77105,TRABPHE128F42A1E65,Cómplices
ARGXNS21187B999665,27.9758,-81.54106,TRACOVO128F1470021,Tina Britt
ARGY96L1187FB410ED,39.95227,-75.16237,TRAHQKP128F931FFD1,Jimmy McGriff
ARGYPFI1187FB3D997,60.3907,5.33275,TRAPVFO128F9347D5B,La 5A Estacion
ARH0Z131187B9B69E9,40.8079,-73.9454,TRAHJCI128F92FFB38,Kool Moe Dee
ARH0ZIQ1187B99EC94,37.77916,-122.42005,TRAJGGB12903CEC83F,Cotton Candy
ARH24021187FB4DEA1,51.42721,7.66379,TRAMTFQ128F9352EDB,Black Messiah
ARH3TXI1187FB3A486,36.16778,-86.77836,TRAPFCP128F9307630,Kathy Troccoli
ARH42KA11C8A416880,37.77916,-122.42005,TRAUQKE12903CBD5B5,Peloton
ARH4Z031187B9A71F2,40.73197,-74.17418,TRACOIZ128F933E368,Faye Adams
ARH6S8I1187B9893FB,38.8991,-77.029,TRBDAID128F92E88C6,The Allies
ARH8VT91187FB49CA2,45.7594,4.82897,TRAWOPG128F92EF9A1,The Exciters
ARH9NBO1187FB43904,38.00335,-79.77127,TRAROQL128F92F7E7D,David Taylor
ARHB1961187B9B1732,34.05349,-118.24532,TRALETZ12903D0355E,Kofi
ARHBV1W1187B9B496C,30.2676,-97.74298,TRBGZQZ128F427E394,Rachel Loy
ARHCHE61187B9AB217,30.23513,-92.26831,TRBCYXJ128F42873C3,Harry Choates
ARHCUCR1187B98F589,-22.97673,-43.19508,TRAQUVZ128F932B2B7,Geoff Muldaur
ARHG53Q1187B9ACBFC,32.67828,-83.22295,TRBIGRU128F145B139,Alias
ARHI20L1187FB4C997,51.27172,-0.39535,TRAYBNV128F92E272B,Jeff Beck
ARHIC3Q1187B9B1773,40.65507,-73.94888,TRBDUAZ128F92D718A,Big Daddy Kane
ARHJJ771187FB5B581,51.59678,-0.33556,TRALQWF12903CDE0ED,Screaming Lord Sutch
ARHK7A51187FB411D8,40.58751,-122.39293,TRACGHL128F933FF2D,Roy Rogers
ARHKOPH11F919A768B,40.19033,-82.66947,TRAJAPH128F4271357,Coffinberry
ARHL8SP1187B98F8A3,40.71455,-74.00712,TRAXJBW128E0788652,Sick Of It All
ARHNMEZ11F50C4706C,35.83073,-85.97874,TRAFNPA128EF34E7A7,Karen Peck And New River
ARHOCA51187FB39213,40.71455,-74.00712,TRBHOMC128F427AEC5,Laura Leon
ARHONG11187FB3B120,29.78772,-95.82333,TRAHCVT128F4282806,L.A. Guns
ARHP6H31187FB4A38C,27.9758,-81.54106,TRAMQBK12903CDA356,DJ Icey
ARHPDQM1187FB3C318,31.15509,-95.96653,TRARFXI128F1468CE3,Albert Collins
ARHRKTK1187B99E1D5,42.33168,-83.04792,TRAXXJZ12903CF1731,Jackie Wilson
ARHRP6Q1187FB3F016,43.04181,-87.90684,TRAAVOK12903CC4773,Buzzhorn
ARHRY5S1187B99B96F,32.61436,-86.68073,TRAJCZE128E0785987,Static-X
ARHSAFX1187B98E89A,31.1689,-100.07715,TRAYHUT128F421F870,Brian Keane
ARHSAXP11EB9C80B35,43.7427,-84.62167,TRAFKPI128EF357763,Stewart Francke
ARHSNFO1187B993B7C,27.9758,-81.54106,TRAXMMF12903CA3B15,Grant And Wilson
ARHT0B11187B993CB3,30.22032,-92.01705,TRAWIRJ128F145C918,Eddy Raven
ARHTP2H1187B9A9A7F,43.58915,-98.44127,TRAWUSX128F4288119,Migraine
ARHUQUF1187FB382E6,-29.21545,26.83776,TRAOHPV12903CD02FF,T-Bone
ARHWO3N1187B98F196,39.10295,-94.58306,TRBCBFV128E0795B94,Eugene McDaniels
ARHXIOW1187FB3AF67,37.4876,139.83829,TRAXWGC128F428B8B2,The Mad Capsule Markets
ARHYYNT1187B9A3AB8,34.67747,135.50323,TRAEJMB128F93461C9,Hiram Bullock
ARHZCG01187B99E4DE,39.95227,-75.16237,TRACBQQ128F4263AEB,Stanley Clarke
ARI0PUX1187FB3F215,54.31392,-2.23218,TRAAJYX128F4255568,Maxi Priest
ARI2JSK1187FB496EF,51.50632,-0.12714,TRABAXR128F426515F,Nick Ingman;Gavyn Wright
ARI3BMM1187FB4255E,38.8991,-77.029,TRAABYW128F4244559,Alice Stuart
ARI3GKM1187B9B7837,53.38311,-1.46454,TRANSVK128F423842C,The Dylans
ARI4RPW1187B9B862D,-9.82491,-36.74328,TRAIRVF128F932B0D6,Hermeto Pascoal
ARI4S0E1187B9B06C0,35.83073,-85.97874,TRARJEM128F92E444D,David Arkenstone
ARI6NMB1187FB3FE1E,35.83073,-85.97874,TRAWYWF12903CFCCA0,Jaime Jamgochian
ARI88U61187FB41C60,33.67466,-101.3878,TRBDHZE12903CAACBF,Billy Walker
ARIA09I1187B9A6D6E,46.8132,8.22395,TRASHAE128F933915A,Sportsguitar
ARIBU2J1187FB5B09F,35.72171,-77.91615,TRAZOTK128F92F1536,Tarheel Slim
ARID33C1187FB4610A,34.16788,-111.9307,TRBHDIZ128F9313AB3,David Rose
ARIDQH31187B9ACB84,56.65286,-3.99667,TRBEXJN128F42B18D6,BMX Bandits
ARIF3EV1187B9B8522,43.00029,-107.55405,TRAEJAC128F427FBDE,Paul Taylor / Terry Dexter
ARIF6IS1187B98FDEB,53.34376,-6.24953,TRAYELV12903CB3BEA,Primordial
ARIFK6X1187B9ADA44,51.16418,10.45415,TRAXOPF128F428B670,Will Ackerman
ARIG6O41187B988BDD,37.16793,-95.84502,TRAMETQ128F426CB63,Richard Souther
ARIHI8H1187B9B0058,18.11526,-77.27348,TRAXKZW128F933707A,Jackie Edwards
ARIHWZG11F50C50E1C,34.05349,-118.24532,TRAJZDQ128F4260AC0,Vivian Khor
ARIIEQL1187FB5CE68,41.26069,-95.93995,TRAILTA12903CB69A4,Buddy Miles
ARIIXHS11F50C48D0D,33.62646,-80.9474,TRADCGZ128F424206F,Agency 1.9.9.4
ARIN12F1187FB3E92C,30.24216,-89.60586,TRAOHYY128F932B1C9,Grant Geissman
ARIQ7ZV1187B9916C6,51.50632,-0.12714,TRAYVVA128EF35F592,Loop Guru
ARIQD5J1187B98D8DC,31.1689,-100.07715,TRAHSMY12903CE37E5,Kerson
ARIR1PS1187B9AFFFA,34.05349,-118.24532,TRAIHYT128F9350C8D,Omni
ARIRD6J1187FB5A98C,18.01571,-76.79731,TRAIDPY128F425E9D0,Sugar Minott
ARIS3CU1187B9B9423,37.16793,-95.84502,TRALZPP128F423C41C,REX ALLEN JR.
ARIT9Y51187FB364AE,54.49857,-114.99993,TRAXLWW128F9312D64,The Irish Rovers
ARIUHYM1187B9AEAE4,39.17881,-96.56183,TRACWFA128F4265BDF,Ultimate Fakebook
ARIW1BH1187FB4C94A,-37.81753,144.96715,TRABUJF128F933ABF7,Architecture In Helsinki
ARIZODP1187B9AD272,54.89814,-1.53179,TRANRGP128F1465737,Bryan Ferry
ARJ1OYE1187B9ACC2D,62.19845,17.55142,TRAXFTO12903CAEA49,Ebba Forsberg
ARJ1W5M1187FB458F3,51.50632,-0.12714,TRACNXU12903C9CDFF,Sweet
ARJ1YJV1187B9955DA,41.88415,-87.63241,TRBFKON128F4296A52,Crucial Conflict
ARJ3DXR1187FB4F879,38.8991,-77.029,TRAHAGF128F92EE1D5,Dirty Harry
ARJ3TAF1187FB4AAB1,37.27188,-119.27023,TRAORZL128F9347BE1,David & Steve Gordon
ARJ7NR71187FB437B7,35.5953,-89.26212,TRAPTXN128F424A172,Yank Rachell
ARJ8YLL1187FB3CA93,40.69626,-73.83301,TRBCVOS128F92F037C,Morton Gould
ARJ8ZIQ1187FB3FB5A,40.11727,-88.20449,TRAFQIV12903CFC000,Milo
ARJA1841187FB3A029,51.50632,-0.12714,TRAHVUH128F4295249,David Bowie
ARJANQY1187B9A82F7,34.05349,-118.24532,TRAZROZ128F42563E0,Leana
ARJAOPV1187B9A96D9,37.16793,-95.84502,TRACTSM128F4221007,Javier Mendoza Band
ARJDR071187B98CBBB,38.62774,-90.19951,TRBCQQH128E0791D0E,Barbara Carr
ARJDWAF122ECCBD2C9,46.71067,1.71819,TRAKRSX12903C9D466,Jah Legacy
ARJFOC01187FB413A5,33.59233,-101.85587,TRANWIK128F930CDE2,Delbert McClinton
ARJG2ID1187B9A767E,51.31476,-0.56623,TRAXAAS128F146B741,The Jam
ARJH2E61187B9A1627,49.38426,-84.75627,TRBEIKX12903CCAAE5,Clockwise
ARJIQLJ1187B998316,30.9742,-91.52382,TRAOBQE128F42442CB,Long John Hunter
ARJIWJH1187FB3F6B9,34.14632,-118.24802,TRABSKK128F421A902,Elvin Bishop
ARJJ8I01187FB4CE98,37.76509,-3.79068,TRARPKM128F429A7A6,Joselito
ARJJGI41187B99C19B,53.93063,-1.20788,TRAFAGF128F93184F8,Andréa
ARJMW6Z1187B989C3C,21.7866,82.79476,TRAXDCY128F932ECDA,Asha Puthli
ARJPUZC1187B99A8F6,18.20904,-77.97559,TRAJRMZ128F932DC12,Mike Brooks
ARJPZSG1187FB3E985,18.01571,-76.79731,TRACOTY128F930BCFA,John Holt
ARJQ5JM1187FB486C7,35.83073,-85.97874,TRATOKV12903CDDF0F,James Blackwood with The Light Crust Doughboys
ARJR7S11187FB36A2A,40.65507,-73.94888,TRADRTD128F92DA070,The Forms
ARJRF841187B9B7F9A,48.20254,16.3688,TRANKQG128F9308D2A,Max Steiner
ARJTX7M1187FB4CED3,52.88356,-1.97406,TRAJTYX128F145AD24,Be Bop Deluxe
ARJUNZD1187B9A5DAE,34.07292,-118.39981,TRAMSSA128F92F60D1,Herb Alpert And The Tijuana Brass
ARJV9031187B9AAFA1,49.38426,-84.75627,TRAYICR128F4282520,Kyle Riabko
ARJVTRE1187B9959C0,40.71455,-74.00712,TRAMPPS128F14A9068,Foghat
ARJW7KB1187FB47C36,43.21183,2.3584,TRAKSPS128F933B3D9,Olivia Ruiz
ARJWDVS11F4C8456F1,35.83073,-85.97874,TRBGRKJ128F4261513,Angela Lashley
ARK02331187B9A631E,43.7427,-84.62167,TRAXVCK12903CA5AA9,Bambino_ Ivan Tirado
ARK0TRD1187FB3BDE5,51.45102,0.05102,TRAUUQI128F92D8620,Bob Hope
ARK2P961187B9AD524,39.95227,-75.16237,TRBCKNP128F4222D54,Britny Fox
ARK30AI1187FB3C777,40.71455,-74.00712,TRAFNAH128F42A400D,Dive
ARK3KQ41187B9A64F0,-6.36821,34.88519,TRAFZVZ12903CE7548,Ndala Kasheba
ARK7ZPW1187B99C170,40.71455,-74.00712,TRAIIBP128F4252D20,Orchestra e Coro del Palacio de Bellas Artes Di Cittá del Messico_ Oliviero De Fabritiis_ Maria Call
ARK82DC1187B9A1FEB,38.59264,-90.35591,TRABSNL128F92E2872,Gordon Jenkins
ARK8EHO1187B9B71D1,57.15382,-2.10679,TRADDCY128F931C4E6,Shamen
ARK9TRQ1187B99C095,41.50471,-81.69074,TRAILFA128EF349FE5,Nine Inch Nails
ARKAUWC122988EDAD8,40.71455,-74.00712,TRBBTJG12903CD5B47,George Schuller
ARKBCZ91187B98F486,34.01156,-118.49229,TRASIWH128F4234005,Coco Montoya
ARKBTAQ1187B9B4219,40.5725,-74.154,TRARJLC128F9323715,David Johansen
ARKBTPV1187FB38A79,32.51461,-93.74727,TRAUREN128F931F5AB,Faron Young
ARKD9S41187B997CA6,52.94922,-1.14392,TRAZNDO12903CF3CE6,Lorna
ARKEFM61187B9A8202,30.99688,-94.82807,TRAJXUS128F9309CEE,Moon Mullican
ARKETDZ1187B9B2566,50.82607,7.28021,TRAFNVU128F932361A,Marlene Dietrich
ARKGGBJ122ECCBAC65,41.51776,-72.75753,TRANVGD12903CD9262,Arika Kane
ARKKPRW1187FB4D81E,38.99792,-105.55096,TRAKKZM128F427CFD5,Equilibrium
ARKKTIY11F4C845817,49.38426,-84.75627,TRAHZVZ128F9322915,Chris Vickery
ARKL75U1187FB5B8B6,43.01437,-88.23546,TRARTBH128F93087A4,BoDeans
ARKMIBT11F4C8430D9,40.71455,-74.00712,TRADKLT128F9304E1D,The Antlers
ARKON4P1187B98B291,50.3758,-4.13689,TRAIIVU128F14AD113,Ron Goodwin
ARKOVFX11EBCD75758,34.05349,-118.24532,TRAVNSS12903CAE1EF,Terje Lie
ARKPDFV1187B99804D,33.58608,-86.28641,TRAPRWQ128F92E9CCD,Jeanne Pruett
ARKQ6QN1187B9B016D,52.05777,1.14378,TRAHLMD128F146A75F,Photek
ARKQN8X1187B99221C,40.73197,-74.17418,TRAJAZS12903CE7594,Joe Rogan
ARKQQZA12086C116FC,38.8991,-77.029,TRAWBHE12903CBC4CB,B.o.B
ARKRQSV1187B99FB13,35.14968,-90.04892,TRACOSY128F92F12B7,Deborah Allen
ARKRUIT11F50C4E6B1,-19.93272,145.77406,TRASBUV128F933904E,Kooii
ARKSLFG1187B99DADD,54.31407,-2.23001,TRATKXV128F92D0480,The Keys
ARKT5SH1187B9AE8BF,34.09834,-118.32674,TRBDEKV128F426BDAF,Murderdolls
ARKU2GK1187B98C8AB,40.71455,-74.00712,TRAQFDL128F427E823,The Jason Bonham Band
ARKU3Z61187FB51DCA,13.11199,-59.59895,TRAIYDL128E0791583,Rihanna
ARKULSX1187FB45F84,39.49974,-111.54732,TRARYHD128F9344512,Trafik
ARKV9PA1187B9A6963,51.51262,-0.47261,TRAPCDS128F147E530,The Birds
ARKVMRR122CC3B110A,35.21962,-80.01955,TRAJZDD128F425AA57,The Booth Brothers
ARKYI5T1187B99334F,35.21962,-80.01955,TRACRNT128F426FA27,Janet Paschal
ARKZ68G1187B98B189,53.79449,-1.54658,TRASYLV128E0794878,Gang Of Four
ARKZT1W1187FB54EEA,37.27188,-119.27023,TRAXRAA128F931DFC4,Marilyn Scott
ARL3VGT1187FB40E8E,-34.60852,-58.37354,TRAHIRO128F93093A1,Los Fabulosos Cadillacs
ARL3X871187B996C0C,41.00461,-76.45327,TRBBXWQ128F93418EB,Lacy J. Dalton
ARL43EQ1187FB4D5EC,46.44231,-93.36586,TRBDBKZ128F425D023,Throw The Fight
ARLB7A11187B9A331A,30.22403,-93.22011,TRAXECH128F421B47F,Al Rapone
ARLBXGO11F4C83E520,27.9758,-81.54106,TRAZFJI128EF357F94,Inspector 9
ARLDW2Y1187B9B544F,39.75911,-84.19444,TRACXGH128F931686C,Tommy James & The Shondells
ARLDW6Z1187FB3F2A0,19.4319,-99.13285,TRAAYTI128F933663B,Abraham Laboriel
ARLEYVQ122C86774EB,40.99471,-77.60454,TRAQZUA12903CE65F2,Billy Price_ Fred Chapellier
ARLGUTA1187B9B605F,40.85715,-73.85678,TRAWOBY128F931C18E,Terror Squad featuring Big Pun
ARLGWFM1187FB4AC9F,34.05349,-118.24532,TRAYYGT12903CB11CC,Scarlet's Remains
ARLH4CH11C8A4173EC,42.2306,14.39059,TRABLTP128F930DC6D,Creedence Clearwater Revived
ARLI9NJ1187B9911FB,35.67048,139.74092,TRAJAYH128F427ADE6,Vodka Collins
ARLIIVS1187FB5583B,39.29055,-76.6096,TRAMDDN128F4277101,Philip Glass
ARLJIGA122C849866D,56.95468,-98.30897,TRAIUWA128F92FE8AA,Hot Live Guys
ARLJWTL1187B98C0DE,42.31256,-71.08868,TRALCCO12903CEBB97,Modern Lovers
ARLLRL61187B9B6698,47.25513,-122.44165,TRAXUBG128F9332164,The Sonics
ARLMRES11F4C83E1E1,44.11559,-120.51484,TRAJLNF128F422658C,Barbara Lusch
ARLNMEP11C8A41519E,34.05349,-118.24532,TRBCQQC128F4253DCD,Rockabye Baby!
ARLNSD41187FB4D9A0,42.50382,12.57347,TRAIZWG128F428F82E,Sergio Franchi
ARLPXQE1187B99066C,-6.17144,106.82782,TRAXFNM12903CE90D4,Bonita & Jerry Cormier
ARLQ5EV1187FB4491D,38.99792,-105.55096,TRAHMQV12903CB2DB7,Don Francisco
ARLR9U31187B9A71AD,42.32807,-83.7336,TRAIETL128F14B0696,The Stooges
ARLRHRM11E2835E415,51.26143,-1.09712,TRAEWGT128F930A556,Mandi
ARLSGLC1187B9A969B,-25.7458,28.18759,TRBGNBC128F423DCD8,Vana
ARLSGUY1187B98AEBC,37.16793,-95.84502,TRAGXBL128F149EBA2,Crabby Appleton
ARLTWXK1187FB5A3F8,32.74863,-97.32925,TRAIHXV128F14A5216,King Curtis with Jack Dupree
ARLTX751187B9A1828,33.52029,-86.8115,TRAKYRW128F425979E,Frederick Knight
ARLV8S31187B988B71,46.71067,1.71819,TRAJHCS128F93192B5,Georges Brassens
ARLWR721187B9A03C9,35.82213,-88.91599,TRAYCID128F42437B6,T.G.Sheppard
ARLZ2LD1187B9B17FD,41.18466,-73.19907,TRABPGO128F931B50C,Emilia
ARLZ3CF1187B98BD56,37.77916,-122.42005,TRASRJY128F146AB74,Daryl Coley
ARLZLMN1187B9AD1CB,42.31256,-71.08868,TRAJNYD128F9340A32,The Cars
ARLZN951187FB42E49,47.60356,-122.32944,TRAFIQB128F423DCBA,Tad
ARM0RY81187B9AF248,34.05349,-118.24532,TRACMZA128F423DD3E,Jerry Goldsmith
ARM3QKQ1187FB421E0,40.71455,-74.00712,TRANNUW128F931B513,Willy DeVille
ARM4J201187B9B8B3B,-34.60852,-58.37354,TRAHMAJ12903CA6CCB,Gustavo Santaolalla
ARM5JLS1187FB3615B,34.27611,-88.35068,TRACLRS12903CE9386,Tammy Wynette
ARM7UY51187B993E17,40.71455,-74.00712,TRARZBQ128F42649A6,Eddie Palmieri
ARM8EYV1187B9B144D,51.50632,-0.12714,TRAWCTL12903CBD92A,Misty Roses
ARM9D241187FB4DB7D,45.43811,10.9915,TRAUYLE128F424C824,Marygold
ARM9Q581187B98E984,25.7167,-103.2833,TRABMJH128F931DF5D,Kinky
ARM9QAE1187B9AF687,-14.24292,-54.38783,TRAICDV128F92EE216,Shaman
ARMAC4T1187FB3FA4C,40.82624,-74.47995,TRAACER128F4290F96,The Dillinger Escape Plan
ARMAPSZ11F50C48146,40.994709,-77.604538,TRBFAWS12903CF8E2E,Hollowtip
ARMB95F1187B9B5B93,40.8079,-73.9454,TRAHOOP128F42B62AB,Cam'Ron / Juelz Santana
ARMBDNQ1187FB3F3EC,46.97933,28.39131,TRACEPP128F93576FC,Arthur Tracy
ARMBR4Y1187B9990EB,37.77916,-122.42005,TRACHTD128F92EE238,David Martin
ARMDBW21187FB37126,16.85576,-69.46854,TRAZLCH12903CE3D6D,Grandmaster Flash
ARMEYJD1187B9A4522,41.82387,-71.41199,TRAPYVH128F428CFD7,Daughters
ARMG34A1187FB548A8,30.08374,31.25536,TRAMMDO128E0781A5D,Thomas Dolby
ARMGJ1W1187FB53EEC,27.9758,-81.54106,TRADPJQ128F932E08D,Unison
ARMJAGH1187FB546F3,35.14968,-90.04892,TRACWCV128F429D196,The Box Tops
ARMKO9M1187B9B0848,32.67828,-83.22295,TRACRJZ128F4244626,Theodis Ealey
ARMM7T01187B9B31E0,37.27188,-119.27023,TRAQCVQ128F92D2B3D,Frank Caliendo
ARMOE2A1187B991F89,51.16418,10.45415,TRBFNGV12903D0F07F,Liquid Spill
ARMOHN71187FB3959F,33.6671,-117.76505,TRARRQO128F427B5F5,Atreyu
ARMORUX11F50C4EEBF,31.1689,-100.07715,TRAOHQC128F427FCD2,Terry Muska
ARMPRI31187FB4F7D9,39.37413,22.95775,TRAITDY128F149431C,Vangelis
ARMQ32V1187B9999F3,52.88356,-1.97406,TRAAMZB12903CAB002,Norrie Paramor
ARMRCET1187FB52049,33.99363,-117.97092,TRARFQL128F931E523,Fergie
ARMRQF21187FB54D89,-1.9322,18.28471,TRAIUYK128F9328FCA,Kanda Bongo Man
ARMSW7X1187FB5B504,34.05349,-118.24532,TRACAOS128F42300B8,Dave Eggar
ARMT23H1187B995083,29.42449,-98.49462,TRAJKQP128F427831F,Emilio
ARMTE8E1187FB5ACC2,32.96197,-93.13913,TRAYJCG12903D081C4,Johnny Copeland
ARMVRLO11F4C846488,40.99471,-77.60454,TRAXOIQ128F4279F9C,The Villas
ARMW4I01187B98AEF8,34.05349,-118.24532,TRAZHAJ128F4289AE1,Tha Alkaholiks
ARMX0GY1187B98B62E,30.22032,-92.01705,TRAMCHO128F427FA40,Lynn August
ARMYPSO11F50C49252,40.71455,-74.007118,TRAGFSV12903CE532D,Dictators
ARMZJIZ1241B9CA2DB,37.16793,-95.84502,TRAHEUP12903CA1AFC,The Jane Shermans
ARMZSTW1187B99DC0D,43.64856,-79.38533,TRBDRCA128F9321DD9,Jericho
ARN0NCG1187B9911A9,43.29368,5.37249,TRBEARH128F422A535,Vincenzo
ARN1J741187B99EFB9,38.8962,-121.07887,TRAYUNC128F92DE84B,Cross Country
ARN1SGT1187B9AC5A4,18.11526,-77.27348,TRAWRFC12903CF2624,Inner Circle
ARN2C4X1187B9B363C,26.12367,-80.14356,TRAHIJE128F4243356,Jack Off Jill
ARN2ZKL1187FB3972B,37.16793,-95.84502,TRAMMQW128F42621E1,The Distillers
ARN5NHX1187FB4F755,41.88415,-87.63241,TRAMOPU128E07888FD,The Smashing Pumpkins
ARN6EWN1187B9A4600,29.89932,-93.92938,TRAHDSO128F426B033,Jimmy Wyble
ARN6M7I1187FB4DEAF,37.27188,-119.27023,TRAPYML128F423DF98,A Skylit Drive
ARN8NCB1187FB49652,46.20835,6.1427,TRAHGJZ12903CCEA63,Lionel Rogg
ARN9GBH1187FB3FEF9,-22.97673,-43.19508,TRAYPIT128F92EEC7C,Leo Gandelman
ARNBFWO1187FB4D1DD,37.27188,-119.27023,TRADUTA128F931418A,William Coulter
ARNBIUE1187FB3E846,51.50632,-0.12714,TRASSJE128F427927A,Benga
ARNBXZH122988F2C16,40.71455,-74.007118,TRAXPDE12903CD45BE,Ambient Music Therapy
ARNDB1X1187B990AA0,34.05349,-118.24532,TRAJOWK128F4263735,Suicidal Tendencies
ARNDBEM1187B9A2918,64.95014,26.06739,TRABPUI12903CF22CE,Turisas
ARNDHMV1241B9C870B,41.38572,2.17005,TRAYSDT128F42A5B9B,Pantanito
ARNE16X1187B9B2DEE,18.04552,-77.02659,TRADRPV128F92E4B4A,Jimmy Cliff
ARNEL2O1187FB4421A,33.89627,-89.00018,TRAJDRG128F4217923,Bukka White
ARNF6401187FB57032,40.79086,-73.96644,TRAYZBA128F4264551,Sophie B. Hawkins
ARNFLMN1187FB50BB3,56.95468,-98.30897,TRAUGNY12903CFEFB5,Chroma Key
ARNFTGS1187B9A465F,34.05349,-118.24532,TRASYSY128F92F39F5,Circle Jerks
ARNHJHU1187B98F79C,4.65637,-74.11779,TRANULO128F422E6FE,Nightfall
ARNHMFD1187FB3B3F6,40.72023,-73.24922,TRAOZNT128F147089A,LL Cool J / Freeway
ARNI9J91187B9ACFCD,51.7562,-1.25949,TRBDCAB128F92F7EE4,The Primitives
ARNILB71187B99EC88,34.05349,-118.24532,TRAAWUM128F426009A,Billy Higgins_ Bob Berg_ Cedar Walton_ Tony Dumas
ARNITNO1187FB555D3,22.81751,-82.7603,TRAMRWS128F14985A2,Arturo Sandoval
ARNJVSL1187B99AFD4,52.51607,13.37698,TRACAQW128F428E2B7,2raumwohnung
ARNLE621187B98ECB5,41.26069,-95.93995,TRAJOPH12903CE6732,Mannheim Steamroller
ARNLOIO11F4C841019,35.83073,-85.97874,TRAHMGK128F423AB8B,Isaacs
ARNMHWR11F4C83B384,37.44466,-122.16079,TRADYZC12903CCC8FA,Kingston Trio
ARNMUMC1187B9A7A38,55.8578,-4.24251,TRAXNLL128EF34EF9F,Tigerstyle
ARNMWP51187FB3E963,41.88415,-87.63241,TRAEWQN128F4286306,Curtis Mayfield
ARNNBW81187FB55594,52.94922,-1.14392,TRACLDC128F427ADC7,We Show Up On Radar
ARNNHLN1187FB42912,29.07904,-110.94695,TRACMTI128EF342A56,Yahir
ARNNKDK1187B98BBD5,45.80726,15.9676,TRABBLU128F93349CF,Jinx
ARNNPJM1187FB3DB37,35.62327,-95.97585,TRAKYMF12903CE85FB,Oscar Pettiford
ARNNQBT1187FB437C1,33.74907,-117.87394,TRASQBA128F427B273,Belphegor
ARNPPTH1187B9AD429,51.4855,-0.37196,TRAXQZA128F1463DEB,Jimmy Page / Robert Plant
ARNSAEA1187B9B908E,18.01361,-66.6149,TRAHSWZ128F9332296,Cheo Feliciano
ARNUFGE1187B9B7881,40.85715,-73.85678,TRAITOL128F148528B,THE CHIFFONS
ARNVH8S1187FB52F86,18.11526,-77.27348,TRAAFUJ128F933F42B,Heavy D / McGruff
ARNZNFW122BCFCAB3B,53.89128,-68.43114,TRALJBQ128F930BC02,Ino
ARO0QD41187FB3AB0A,34.05349,-118.24532,TRAIVMM128F4266056,Keb'Mo'
ARO1D981187B9A0D24,40.71455,-74.00712,TRALBGP12903CD2C2A,Al Duvall
ARO2PB81187B98EB4A,35.83073,-85.97874,TRBBSZN128F930E4E7,Lari White
ARO32TC1187FB39461,35.83073,-85.97874,TRAYOAE128F4238D42,Chico
ARO4H5M1187FB4384D,37.16793,-95.84502,TRAHQZX12903CC457C,Adrenaline
ARO5T1P1187B9AC680,40.65507,-73.94888,TRALFLE128F92E166E,Lou Reed
ARO7FES1187B9A59BE,43.1763,-76.27503,TRAHBGV128F92F0790,M.I.K.E.
ARO89GU1187B98ADA2,53.4796,-2.24881,TRACGHY12903CE8831,Reni
ARO9XCZ1187B99C255,48.43434,-4.62141,TRBDBXO128F42B3E45,Nolwenn Leroy
AROATPL1187FB48E12,34.16788,-111.9307,TRAHGVP128F934B26C,UFO
AROBI4X1187B99550D,35.67484,-90.09876,TRAWIDZ128F933A451,Ed Bruce
AROBQ0B1187FB404F6,30.42084,-87.21724,TRACIEF128F4270573,Walter Jackson
AROBVNV1187FB3F36C,42.28107,-71.23605,TRBFSPZ12903CB5230,Joey McIntyre
AROCP781187B98E2A3,49.38426,-84.75627,TRAMPXI128F931154A,Tim Hughes
AROF4LP1187FB41C51,31.1689,-100.07715,TRAOXJM128F4261E07,Selena
AROF8OV1187FB55B85,62.19845,17.55142,TRAREDZ12903CFB6E3,Pelle Carlberg
AROGO6K1187B992A39,34.05349,-118.24532,TRAVAXS128F932CB2A,Electrostatic
AROI2SN1187B98E9FD,34.05464,-117.75002,TRAWEUP128F92E72BD,Kokane
AROIL3N1187B9A9975,33.6671,-117.76505,TRAGTFI12903CA06E7,BLEED THE SKY
AROJ4RQ1187FB50102,39.73926,-89.50409,TRAHKOV128F4295F9C,Pinch feat. Rudey Lee
AROJAG11187B9B71A3,51.50632,-0.12714,TRAJPCX12903CE8ACB,The Chap
AROKDJ41187B9A7700,40.71455,-74.00712,TRAEVTK128F9337030,Mindless Self Indulgence
AROLZEM1187B9A805E,64.55653,12.66538,TRACAFR12903CD6701,Ashes to Ashes
AROMB601187B991317,40.65507,-73.94888,TRAZFAV128F92F1459,Mae West
AROMMO41187B99F8FF,38.99792,-105.55096,TRAHGSZ128F930C9A6,Jeff Wahl
ARON0YP1187FB4B465,40.71455,-74.00712,TRAXZVZ128F93442AB,Fiona
ARONPP01187B995FB5,52.88356,-1.97406,TRAGUMU128F92F6963,Cockney Rejects
AROOKC21187B9AE85C,-37.81753,144.96715,TRAXDBM128E0785BD8,Missy Higgins
AROPBVQ1187FB36581,59.91228,10.74998,TRBAORU128F92F8C48,Khold
ARORFIN1187FB3BE5C,43.0026,-83.7826,TRAXBTV12903CD8399,Danielle Bollinger
AROSGVP1187B9B011F,53.41961,-8.24055,TRAMBWQ12903CBE46F,The Clancy Brothers;Tommy Makem
AROUOZZ1187B9ABE51,40.79195,-73.94512,TRAJFEM128F14A2DF4,Willie Bobo
AROVJWM1187B98E649,-37.90019,145.08084,TRAQBTU128F931BB1D,Hot Club Of Cowtown
AROVY9L1187FB3A97C,35.83073,-85.97874,TRBAPMY128F42578B1,George Hamilton IV
AROZFLY11F50C4F54F,27.9758,-81.54106,TRBCJQH128F93143A6,Rainforest Trio
ARP06GY1187B98B0F0,42.33168,-83.04792,TRAIGJV12903CEFD5E,Yami Bolo
ARP23RL1187FB497FE,18.11526,-77.27348,TRARSFU12903CB2669,Ernest Ranglin / Floyd Lloyd
ARP2TO91187B9913EA,29.95369,-90.07771,TRAFFCC128F9348D0D,Angélica María
ARP32X81187B99EBF5,42.33168,-83.04792,TRACEBJ128EF343585,Vanessa Bell Armstrong
ARP5MSK1187B99A54C,34.0737,-90.49217,TRAJENI128F9300B02,Jimmy Burns
ARP5P651187FB5397F,32.34922,-92.72139,TRAXDVL12903D0C503,Jimmie Davis
ARP96FM1187B9AEA77,44.97903,-93.26493,TRACZDR128F14599BC,Semisonic
ARPAAHK1187B9ABB00,49.26044,-123.11403,TRAHUQT128F4281228,Nickelback
ARPAL0H1187B990A8E,37.97615,23.73641,TRAUSOM128F9337BC3,Nana Mouskouri
ARPATQ21187B9ACAFC,53.4796,-2.24881,TRAOAVW128F9318B5A,Happy Mondays
ARPBNLO1187FB3D52F,40.71455,-74.00712,TRAJKXO12903CB5B7D,Tiny Tim
ARPC5161187B9AF35C,38.05157,-77.34762,TRAQYRR128F92F8632,John Cephas & Phil Wiggins
ARPCDZM1187B996876,42.18419,-71.71818,TRALYZR128F92CDD86,Dyango
ARPEJMN11F4C84080E,38.00335,-79.77127,TRACHAL128F427DD25,New Roanoke Jug Band
ARPEPWU1187FB55B71,59.13349,10.22291,TRBGYCS128F4277187,Limbonic Art
ARPEUYM1187FB4A97A,30.4951,-91.25276,TRBHHCU128F148AF19,Slim Harpo
ARPFHN61187FB575F6,41.88415,-87.63241,TRABCKL128F423A778,Lupe Fiasco
ARPFKK81187B99878D,39.14465,-89.10827,TRAOJPT128F423F63E,Tex Williams
ARPGPI81187B98AEEA,34.16788,-111.9307,TRABSEN128F424AA36,Chaotica
ARPGT071187B9A6512,35.53849,-76.62118,TRAQDCD128F935F863,Guitar Shorty
ARPGYM11187FB4B1E1,35.83073,-85.97874,TRAXXYI12903CC4FDC,Owsley
ARPH0O91187B99706D,53.41961,-8.24055,TRAHPBP128E079367D,Taste
ARPHDQC11EBCD7802B,34.05349,-118.24532,TRATSXR12903CE858B,Sara Melson
ARPISA41187FB3DE42,51.77045,0.64255,TRAGPMR128F930C0D8,Humble Pie
ARPJNT81187B98AD36,38.25486,-85.7664,TRAEVEE12903CEB465,Sylvester Weaver
ARPJTI51187B9B45FB,53.55334,9.99245,TRAWMYN128F4269C97,Billie Ray Martin Feat. Ann Peebles
ARPKATM1187B9B76E6,41.30711,-72.92496,TRAIJWN12903CF2C76,Hatebreed (int License)
ARPKK761187FB4D53C,40.10216,-85.67869,TRASKII128F92FA33E,The Ataris
ARPKLK81187FB42AC9,43.91253,12.90542,TRALFBU12903CC030F,Death SS
ARPN0NC1187B991591,33.51711,-90.18043,TRAOMMU128F933878B,Guitar Slim
ARPOQKS1187B988FE2,27.9758,-81.54106,TRAHUEG128F932C5FC,Ed Calle
ARPOV8N1187FB4D78F,39.95227,-75.16237,TRAKWNS128F92E3B4E,Jimmy Nelson
ARPQ4Z01187FB3A736,29.42449,-98.49462,TRAHDIR12903CEB9EE,Butthole Surfers
ARPRQSD12086C16679,38.2589,-92.43659,TRAJGGP12903CCE582,The Incurables
ARPU5CQ1187FB4469F,40.71455,-74.00712,TRAZVSQ12903CF4EBE,Art Ensemble Of Chicago
ARPUBU61187B98A4E6,53.26265,-2.13468,TRBGKOU128F148C6C6,John Mayall
ARPXDY61187B9AD0A8,53.41961,-8.24055,TRBDMNQ128F92DE877,Clannad
ARPYIBX1187B9B113E,57.70133,11.96689,TRATGRG128F145310B,At The Gates
ARPZIIA1187FB4CB9F,5.87522,-162.4365,TRASKBC128F9305D7D,Eldar
ARQ05GM1187B990512,33.99604,-117.75801,TRABEBP12903C9BA03,A Static Lullaby
ARQ0BG21187B99ED8F,46.8132,8.22395,TRATUFP12903CA5C1A,Mush
ARQ0HOT1187B9A25FA,42.31256,-71.08868,TRARRMK12903CDF793,Mistress
ARQ6DNW1187FB4DF1D,36.83264,-76.29771,TRAHWBI128F4234331,Deborah Coleman
ARQ76LG1187B9ACD84,34.05349,-118.24532,TRAOHPG12903CE4155,Black Flag
ARQ91R31187FB38A88,37.82245,-85.69091,TRAOOSW12903CBF122,Grandpa Jones
ARQ9BO41187FB5CF1F,40.99471,-77.60454,TRAOIBO128F422873B,John Davis
ARQATWU1187B98EE26,40.14323,-74.72671,TRARMWA128F424147D,Ill Nino
ARQCHDN1187FB4C7C2,-22.97673,-43.19508,TRACMJP128F9349362,Luiz Bonfa
ARQDHPO1187B9A9F7C,30.68639,-88.05324,TRAZXYE12903CF3E57,Anthony Watson
ARQDONM1187B9BA1AD,34.19451,-90.5651,TRAMJEO128F4228CDC,Junior Parker
ARQESNI1187FB511EE,38.8991,-77.029,TRAAIXN128F428027A,Morel
ARQFPCY1187FB552CE,34.05349,-118.24532,TRACTTU128F423E9BC,Sapo
ARQFPFK1187FB533E1,41.88415,-87.63241,TRBIACM128F930021A,Roger McGuinn
ARQGYP71187FB44566,34.31109,-94.02978,TRAICRD12903CDE044,Jimmy Wakely
ARQHJLT11F50C4C101,41.51776,-72.75753,TRAPMQO128F92FCD49,Bomb Squad
ARQI60P1187FB464C9,42.98689,-81.24621,TRAFFEQ12903CF4356,The Ocean
ARQIB731187FB3BE17,42.31256,-71.08868,TRAOJIB128F4285140,Arthur Fiedler;Earl Wild;Pasquale Cardillo
ARQIWOW11F4C840FF1,38.2589,-92.43659,TRAGIPY128F422D10B,Cumberland Quartet
ARQJBXN1187B9B11D9,52.88356,-1.97406,TRAXVJD128EF33EEC1,Thirst
ARQL2SZ1187B99244B,31.1689,-100.07715,TRADHBZ128F932D9E9,Nic Endo
ARQMTJR1187FB42BB5,32.58507,-89.87374,TRAYUNU128F4281E53,Mr Brown
ARQMYTM1187FB4678C,36.06899,-79.7947,TRANBWB128F429FB03,Josh White
ARQOC971187B9910FA,42.73383,-84.59334,TRAYLRT128F42605AF,The Verve Pipe
ARQQARA1187FB3F2AB,39.41574,-77.41203,TRAPUXT128F4230216,Lester Bowie
ARQQP3Z1187FB5707B,53.55334,9.99245,TRAJOYN128F9308712,Bert Kaempfert
ARQUMH41187B9AF699,34.05349,-118.24532,TRAHVGN128F1484412,Linkin Park
ARQVC1L1187FB440DE,38.04859,-84.50032,TRASRBB128F42AFD5C,Brian Littrell
ARQXAUH1187B9BA010,33.90698,-88.95535,TRABLSO128F14A4707,Bobbie Gentry
ARQXJW51187B9AEE27,44.00118,-71.6342,TRAZIQB128F934B755,Since The Flood
ARQXM2T1187B98FF32,34.27798,-87.82828,TRAVHIA128F1494B0C,Sonny James
ARQZRQ11187B9A5918,35.2225,-80.83754,TRBDBVP128F428EA51,John P. Kee
ARR035B1187B99EF11,49.38426,-84.75627,TRBHHAC128F92D8379,Leeroy Stagger
ARR3ONV1187B9A2F59,54.31407,-2.23001,TRACCUS128F92E1FEB,Muse
ARR40ZV1187B9A10A8,40.99471,-77.60454,TRAZLOO12903CA475D,Stern
ARR575U1187B98FB97,38.8235,-75.92381,TRAJRZL128F42699D5,The Perrys
ARR7YYN1187FB5C015,30.6554,-97.00189,TRAJPXP128F92E0ABE,Pee Wee Crayton
ARR8AIK1187B9A0BCE,34.30138,-90.64208,TRABMKR128F92CC02B,Eddie Boyd
ARR9XHK1187FB3894D,46.71067,1.71819,TRABJYQ128F92D57B1,Leila Chicot
ARRBINW1187B98AE6D,40.65507,-73.94888,TRAJHOM128F93080EB,Marcie Blane
ARRC2JF1187B9B6A93,-24.9162,133.39311,TRARKTI128F9310BA2,Bruce Rowland
ARRCKE61187B99377F,40.88104,-74.1148,TRAGRWL128F92FA2F6,Janice Robinson
ARRDGGE11F4C843F32,37.77916,-122.42005,TRAOTIN12903CBA431,Farlow-Kirch Band
ARRDRI71187FB46EAA,40.65507,-73.94888,TRAMWDI128F92FF678,Grizzly Bear
ARRE5MX1187B992292,40.71455,-74.00712,TRANMSK128F4234DD8,Frankie Negron
ARRGJY81187B9B2878,39.76618,-86.44105,TRBDKVO128F4225656,J-MACK
ARRH2S81187B98C8AA,43.07295,-89.38669,TRARTSA128F4291550,Bongzilla
ARRHLSD11F4C845076,39.73926,-89.50409,TRALMDI128F4242517,Freddie Roulette
ARRHVGT1187B98D603,51.16418,10.45415,TRAPPEH128F4294772,Dynamite Deluxe
ARRHXNC1187B98C169,64.55653,12.66538,TRAQLFD12903CE16C7,Melatonin
ARRO4O51187B993066,43.32618,-79.79854,TRAXWKA128F425A97A,Legion Of Green Men
ARROLGK1187FB5738D,39.26271,-121.01914,TRBCRSH128F9327458,The Advantage
ARROUEA1187FB4AA0F,38.8991,-77.029,TRAHDSD12903CFE7D0,Atom
ARRP4SJ11C8A414CFA,50.63718,3.06281,TRATIBE12903CB342E,From Dying Skies
ARRPCKN1187FB5BA2F,33.20271,-94.68121,TRACXUW128F93093F5,Z.Z. Hill
ARRR4Y81187FB524CE,30.76753,-92.11789,TRAJAAV128F92DCF5F,Lonnie Brooks
ARRRVMG1187FB532AC,29.36624,-100.89818,TRAHTZN128F421A41F,Radney Foster
ARRSIQ11187B98F216,34.05349,-118.24532,TRASVIN128EF35C023,Kevin Max
ARRTQ3Y1187B9AC835,36.97402,-122.03095,TRALTTR12903C9E32E,Scott Weiland
ARRU9GR1187FB43F56,33.46797,-82.50293,TRAXGFM128F421EE47,Blind Willie McTell
ARRVGAX1187FB4D745,35.21962,-80.01955,TRAMNUT128F14B07A9,Little Eva
ARRVIZY1187FB41246,37.27188,-119.27023,TRAQMKM128F92E4EDD,California Oranges
ARRVUWA1187B9A0FE2,21.51102,-77.80679,TRAIKPO12903D0322C,Orquesta Aragón
ARRW6DJ1187FB50A67,40.71455,-74.00712,TRAXJQM128F42903F2,Pacha Massive
ARRWAD71187FB3FE44,40.71455,-74.00712,TRAELRO128F92DD2F1,Martha Wainwright
ARRWDU31187B9B5656,38.62774,-90.19951,TRAZUVR128F9306DA9,Jimmy McCracklin
ARRWQW61187FB5B301,30.2676,-97.74298,TRAIAFH128F4271742,Lou Ann Barton
ARRX4FO1187FB58DD6,30.33138,-81.6558,TRASXEL128F93499DF,Jackie Davis
ARRXEJJ11F4C841087,37.16793,-95.84502,TRAFGCY128F4246B9C,The Paynes
ARRYTVF1187FB4A460,38.8235,-75.92381,TRBDYTE128F931F2F0,Click / Click_ M_Ferri
ARRZFUG1187B98AD42,37.41402,-79.14284,TRAISVG128F42706A4,Ray Pillow
ARRZNBD122C867517B,23.62574,-101.95625,TRBAEFI12903CD25B3,Los Cumbieros Del Sur
ARS10A81187B9B6E16,41.88415,-87.63241,TRATESS128F934DA9F,Art Ensemble Of Chicago
ARS5Z5P1187FB3F325,43.7427,-84.62167,TRAOSRJ12903CF859F,Sex Machine ft. Shèna
ARS6L1E1187FB585B6,52.3667,9.3667,TRAMCUA128F4238312,Karlheinz Stockhausen
ARS755J1187B9920C6,37.27188,-119.27023,TRAMERT128F92EBE2D,Assassin
ARS7E2E1187FB361BC,31.1689,-100.07715,TRAXEAE128F42930AA,Mayday
ARS7WBX1187B98CA38,32.58507,-89.87374,TRAWFSY128EF35DC76,Buffalo Nickel Band
ARS8HNI1187B9B0785,23.1168,-82.38859,TRBGHKQ128F4264A88,Cachao
ARS8KBY1187FB4BC7E,39.95227,-75.16237,TRAIENF128F42AAA41,Kurupt_ Rosco_ Jayo Felony & 40 Glocc
ARS8VY21187B990549,40.19316,-85.38173,TRADDPM12903CFED88,Ray Boltz & Steve Millikan
ARS94L01187B9AD297,34.41925,-119.69887,TRANRTT128F9347342,Nerf Herder
ARSAJKR1187FB4C5DC,42.33168,-83.04792,TRASJND128F423587C,Kim Wilson
ARSC6WR1187FB40B18,46.91008,-98.70853,TRAXFVD128F933E94A,Peggy Lee
ARSCLMG1187FB3CEE4,37.77916,-122.42005,TRAQZPC12903CDE0D5,HardNox
ARSDFYB11F50C4F736,34.05349,-118.24532,TRAMUJQ128F4258D02,The Cutting Edge
ARSDSMG1187B98CB59,40.71455,-74.00712,TRAIEXH128F9353678,Eddie Cantor
ARSE6YI1187B9B9CD2,30.2676,-97.74298,TRAAJNM12903CF4750,James Hunter
ARSEUOO1187B999569,29.57535,-97.14306,TRAGUAA128F4291AB1,Adolph Hofner
ARSGZ3J1187FB3E610,34.01156,-118.49229,TRAAMYQ128F148B753,Shelley Fabares
ARSKPIJ11F50C50608,34.05349,-118.24532,TRATCPN128F42973DD,Marquez the Greatest
ARSL5SP1187B9A7AE0,34.05349,-118.24532,TRAYQAN128F146247B,N.W.A.
ARSPC9J1187B9A7EA1,33.74831,-84.39111,TRAWTKN128F9334CA4,Ghetto Mafia
ARSPIHU1187B99DDD8,37.77916,-122.42005,TRASVHR12903CD01C9,Protein
ARSPQ0H1187B999944,54.97938,-1.54508,TRAHXWA128F4265D32,Eric Burdon
ARSRFOY1187B9917DA,41.88415,-87.63241,TRAEGJE128F42656F1,Otis Taylor
ARSS4Y41187B9B0AC6,38.41982,-82.44537,TRBBULA128F146E122,Bobaflex
ARSSR8L1187B990BC5,50.67109,-1.32524,TRBGYVK128F426A0D6,Joey Negro
ARSTA431187B9A3599,18.01571,-76.79731,TRANJPA128F92CAE02,Dennis Brown
ARSWXNX1187FB3D04E,-37.0907,-63.58481,TRACMOL128F424B776,Chango Spasiuk
ARSX3I61187B98FAC7,35.03731,-90.06146,TRANKMZ128F42A0098,Frank Stokes
ARSX6IX1187B9B640C,35.14968,-90.04892,TRAMBYY12903CD7379,Big Star
ARSYOWS1187FB41157,40.71455,-74.00712,TRAMGSK128F1473A5B,The Rascals
ART09111187FB5BF48,32.36503,-88.70307,TRACOBC128F4266853,Ty Herndon;Stephanie Bentley
ART3O5Z1187B9AB043,32.77815,-96.7954,TRACWBO128F92F322F,Stevie Ray Vaughan And Double Trouble
ART4EPR1187FB38772,52.0953,1.31388,TRADVBS128F4223455,Malcolm McLaren
ART59BB1187FB3866E,34.19363,-79.76906,TRAKIKG128F932BC18,Through the Eyes of the Dead
ART70HI1187B9A37BC,32.20703,-90.14988,TRAHXFG12903CCED81,Elmore James
ART9Z1P1187FB36C94,6.47279,-66.58904,TRADKGW12903CC8CB9,Edmundo Ros
ARTB5PP1187FB523B7,41.88415,-87.63241,TRACTQD128F14B0F9D,Donny Hathaway
ARTBFV61187FB3C250,34.05349,-118.24532,TRAPMCS128F92E88C5,Johnny Horton
ARTC5DW1187B98FCF2,51.50632,-0.12714,TRANJMB128F42926E4,Plump DJs
ARTDBI61187FB48479,42.99671,-85.59012,TRAICFW128F42ADB39,Marvin Sapp
ARTDUXM1187B9899ED,32.33112,-90.60536,TRACMPZ12903CF150B,Charley Patton
ARTE3P61187B9A709D,41.26069,-95.93995,TRAROUS12903CF4F08,Roger Williams
ARTE6AQ1187B9B2826,42.33168,-83.04792,TRADGXI128F9339C88,The High Strung
ARTHIJ41187FB57411,14.63554,-61.02281,TRBEORE128F92E8476,Princess Lover
ARTHKHA1187FB3996A,40.85251,-73.13585,TRAEWQP128F9330AF7,PMD
ARTHWIZ1187FB4258D,52.40698,-1.50776,TRAHODY128F92F6CB6,Frank Ifield
ARTIGQM1187B98D1F2,51.59109,-0.14858,TRASQCW12903CA07D9,Ray Davies
ARTJ9GZ1187B9B46DE,41.88415,-87.63241,TRAJASJ128F1492899,Young-Holt Unlimited
ARTO9UO1187B9B2D47,35.21962,-80.01955,TRAJUPY128EF3645D3,Mystery
ARTOC971187FB37592,40.14323,-74.72671,TRAKEFC128F4271F38,Lord Sterling
ARTQ0WY1187B98A7B0,55.95327,-3.11499,TRARCMH12903CB8E8B,Harry Lauder
ARTQZKW11EB9C80B4C,53.89128,-68.43114,TRAKIQQ12903CA7434,Neema
ARTR7971187FB4CF69,41.50471,-81.69074,TRAOBOQ12903CC1289,Rocket From The Tombs
ARTT43U1187B9A9E9B,34.19423,-118.39157,TRARDSC128F148B688,Shelby Flint
ARTUXSS1187FB4BD20,40.71455,-74.00712,TRBHHCI12903CAEEB5,Doc Pomus
ARTVBNL1187FB52DF3,-14.24292,-54.38783,TRAMXVR128F92EE43B,Grupo Batuque
ARTX57T1187B98F34B,18.11526,-77.27348,TRAQQUQ128F933671B,Mikey General
ARTXEZN1187B9B8190,62.19845,17.55142,TRAASZE128F93499AE,Agnes
ARTXGGI1187B9B3D58,38.54666,-121.74477,TRAHBQT128F4213403,Blackalicious
ARTXJFJ1241B9C55EF,37.16793,-95.84502,TRBEPTD12903CDFD52,Karnig Sarkissian
ARTYGL51187B98F9D3,33.13178,-91.96148,TRAHPBE128F93071CF,K.T. Oslin
ARTYIAO11F4C83EE8E,42.31256,-71.08868,TRAZPKX128F930BCB9,Dan Moretti
ARTZXUP11F4C83D65B,9.08457,8.67425,TRAQDYJ128F14989F8,Crystals
ARU0HTX1187B98B4C6,34.05349,-118.24532,TRAAZPJ128F4292DB5,Lisa Lynne
ARU230L1187FB4642F,37.80506,-122.27302,TRAUMBG12903CF0D68,Walter Hawkins
ARU24791187B996E24,46.8132,8.22395,TRACWRW12903CC3CA2,Prisma
ARU2I2B1187FB472E8,33.95319,-84.54588,TRBBLTE128F42558EF,Moros Eros
ARU34651187B99A264,40.71455,-74.00712,TRAOEEH12903CB5178,Michal
ARU3YYC1187FB43FEE,-34.60852,-58.37354,TRARAZI128F427F3B4,Luis Alberto Spinetta
ARU5CP31187FB44C3A,31.1689,-100.07715,TRBAJXD12903CC3493,Beth Nielsen Chapman
ARU81FP1187B98C71E,35.6139,-88.8194,TRAVUYV128F4239504,Big Maybelle
ARU868Z1187FB47319,42.18419,-71.71818,TRAHBOV128F92EF77A,Wonderland
ARU9Q5Q1187FB3D6EB,34.05349,-118.24532,TRAOKYH128F14852C0,Bobby Hutcherson
ARUABHE1187B9AF820,51.45366,-2.59143,TRAYZJX128F42992F7,Way Out West
ARUAKAN1187FB48204,39.2794,-74.57555,TRAHECO128F9360EB4,Walter Trout
ARUDY181187B9B5F49,31.03896,-93.97961,TRAJHRC128F9340CFA,Charlie Walker
ARUDYKB11F4C83C269,29.95369,-90.07771,TRBFWYX128F145F889,Lil Wayne
ARUEYGC1187FB3D94B,41.88415,-87.63241,TRAJSCW128F9335F78,The Chi-Lites
ARUF71J1187FB511C1,37.08571,-88.59583,TRABLOM128F426BE8A,Boots Randolph
ARUFCZ41187B9A868E,27.9758,-81.54106,TRAUAQR128F9349BE2,Passion
ARUFRGT1187B98ED43,-28.49522,-63.81885,TRBAFYR12903CA6588,Leo Dan
ARUG6DV1187B992475,33.45081,-90.645,TRACZEZ12903CF673A,Willie Clayton
ARUGU0E1187B9B30F6,34.05349,-118.24532,TRALYPO128F429C4AF,The Doors
ARUGX5X1187FB468C4,34.15917,-118.50119,TRACBBV12903CB9BF8,Dino
ARUHT3M1187FB44FB4,41.51776,-72.75753,TRAWYTV128F429DEE8,Delirious
ARUHX3U1187FB57A44,45.49919,-78.24499,TRAXXQA128F9301855,Janie Fricke
ARUHYH21187B98BA89,44.23153,-76.47933,TRAHKRO128F9320EA7,The Tragically Hip
ARUIRXF1187FB45BC6,31.1689,-100.07715,TRANQNS128F42739D1,JK
ARUKNSS1187FB435E3,40.71455,-74.00712,TRANKPC128F92F79F5,Bobby Broom
ARUL0VB1187B9A01AA,64.95014,26.06739,TRAUXEL128F42683D5,Cadacross
ARUME5Q1187B9B1AA7,46.23518,-119.09456,TRARWHW12903CE84D3,Kristine W.
ARUNHZF122988ED7DA,35.21962,-80.01955,TRAHZNL128F9312B48,Lou Reid & Carolina
ARUNYOW1187FB43F2A,34.96578,-80.07691,TRAHEYD128F934A130,Blind Boy Fuller
ARUP5LV1187FB50BD8,34.16788,-111.9307,TRASRRC128F93318B2,Fuzz
ARUQSEE1187B9983F8,40.75851,-82.5148,TRBGHZA128F9340CE7,Music Explosion
ARUT16P1187FB532A4,33.39847,-91.03786,TRAITJA12903CECB2E,Tyrone Davis
ARUTEVU1187B9ACAF9,34.05349,-118.24532,TRAJFFF128F429874A,Lifehouse
ARUUP4L1187B9B72EB,32.71568,-117.16172,TRAJTCX128F42990AD,Diamanda Galas
ARUVPCM1187FB5C281,37.16793,-95.84502,TRAJYXI12903CF8185,Attack Attack
ARUYGJ31187B9A2FEA,30.33138,-81.6558,TRBAJRL128F1482E66,The Summer Obsession
ARUZLXZ1187FB3BFF1,34.16788,-111.9307,TRBHUPU128F4230F81,Wednesday 13
ARUZS6L1187FB50A56,38.62774,-90.19951,TRALRKB128F42B74D2,Dave Weckl
ARV1ALU1187FB4D77E,33.6671,-117.76505,TRABLGI128F42B867A,Eighteen Visions
ARV1JVD1187B9AD195,35.91463,-79.05661,TRAADLX128F1469250,Loudon Wainwright III
ARV21JS1187B99E516,40.73197,-74.17418,TRAJSFB128F4270AED,Jerry Lewis
ARV2F621187B993BF6,37.77916,-122.42005,TRAPZAW128F930FEEF,The Waybacks
ARV2V751187FB4330F,40.14323,-74.72671,TRAAUZX128F92F3D53,Rah Digga (Featuring Outsidaz)
ARV2X851187FB41A78,42.31256,-71.08868,TRARBGM12903CC5026,Open Hand
ARV33RQ1187B9A5734,38.00335,-79.77127,TRASODE128F930F19A,Kate Maki
ARV38M11187B99424D,37.27188,-119.27023,TRANQDS12903CE3E1D,Graham Central Station
ARV4BPJ1187B99C978,34.02791,-94.73954,TRAVDNM128F9344090,Gail Davies
ARV4KO21187FB38008,37.80506,-122.27302,TRAFMHY128F92FDDBF,Del Tha Funkee Homosapien
ARV57NY1187FB3C1DC,37.33847,-121.88579,TRAETWP128F421AD6A,Tommy Castro
ARV5O111187B9A3F3A,47.61002,-122.18755,TRASFEI128F4269F12,Carl Davis
ARV8DLF1187B9A4C7C,34.05349,-118.24532,TRAQIYQ12903CBAE8A,The Mighty Clouds Of Joy
ARVAE1F1187B994957,39.95227,-75.16237,TRAXEWH12903CF66CB,Gerald Veasley
ARVBG53119B8668924,40.71455,-74.00712,TRBHKLV12903CEA0A0,Sub Swara
ARVBP9K1187FB48254,43.64856,-79.38533,TRADAZP12903D0A480,Cancer Bats
ARVBXZ01187B997092,19.59009,-155.43414,TRARFTH128F93052CF,Daniel Paul
ARVCCEM11F4C83DD74,31.1689,-100.07715,TRBFPYV128F421FA78,D.R.S.
ARVCNOU1187FB4C6F0,35.30914,-98.52102,TRBAFBZ128F9325CA4,Emit
ARVDMV71187FB43A8F,52.88356,-1.97406,TRAPBNU128F92FB4B7,David Palmer
ARVEXQ51187B9B8237,34.05349,-118.24532,TRBAIEK128F932CCF7,The Funeral Pyre
ARVEZFH1187B9A6F9C,38.66059,-77.24787,TRAXGHO12903CD4403,Dominic
ARVG8T61187FB440EB,42.31256,-71.08868,TRAKKCL128F92FAE59,Livingston Taylor
ARVGPOM1187FB55737,39.95227,-75.16237,TRAIASV128F930BC5F,Billy Butler
ARVJ6541187B9A4C3E,59.75952,18.70249,TRARSAM128F4256E04,Månegarm
ARVJVFF1187B9B40D6,40.7174,-74.04323,TRARWMG128F933667C,Al Di Meola
ARVKT151187B9A181D,33.98163,-117.37388,TRAEWHH128F428F3AB,The Color Red
ARVLMSG1187B98E07E,34.74865,-92.27449,TRAYJOQ128F42AD10C,Dale Hawkins
ARVML4B1187FB52324,40.73197,-74.17418,TRACYTM128F933A555,Leroy Hutson
ARVMZFK11F50C4A0D2,37.77916,-122.42005,TRAXGNO12903CBF173,Tunsi
ARVNDLR1187B99CA1B,35.30914,-98.52102,TRAIYAV12903CE8475,Dolce; Orange Factory
ARVNK831187FB48831,37.27188,-119.27023,TRAFKHA12903CF0E89,Shakedown
ARVO6RD1187FB403CA,40.71455,-74.00712,TRBDKFP128F4243502,Annie Minogue Band
ARVOWE21187FB3AE3C,41.88415,-87.63241,TRARBZK128F934549A,Enuff Z Nuff
ARVQ4QM1187B98AD95,33.52029,-86.8115,TRAMOKN128F9348196,Hank Penny
ARVQ7I31187B9B64C9,40.43831,-79.99745,TRAZRXP12903CBD6A9,Vonray
ARVQTZP1187FB40283,37.77916,-122.42005,TRAZNFE128F92E49BF,Constance Demby
ARVSDB11187FB4270B,51.55615,-0.25969,TRACWBS128F932C993,The Creation
ARVTGUZ1187B9AA3DA,30.43977,-84.28065,TRAOCSE128F4282321,No Address
ARVVSJC1187FB3A637,34.05349,-118.24532,TRAVVUS128F92EA4F9,Rob Mullins
ARVXKTV1187FB44139,36.97402,-122.03095,TRAGVRD12903D09FED,Arsonists Get All The Girls
ARVZWQ31187B9B8946,34.05349,-118.24532,TRAFPAY128F146B23B,Liars
ARW2DG51187B9A170F,44.81187,20.46414,TRAJKIG128F92D9132,Ana Popovic
ARW2Y3Q1187FB38020,42.3519,-71.14566,TRATQUI128F9347C68,The Sterns
ARW3V6T1187B9ACAC4,48.39023,-4.48622,TRAOJYI128F42AD95E,Miossec
ARW45K91187FB3DE04,44.00118,-71.6342,TRAVOYJ128F92DD470,Tommy Makem;The Clancy Brothers
ARW4AGO1187FB4F107,33.45081,-90.645,TRAMENF128F429F999,Jazz Gillum
ARW4ZCO1187B9B22D3,54.31392,-2.23218,TRAJDSQ128F14AEABD,AFS
ARW5IF01187B9AEA98,33.6671,-117.76505,TRALZUL128F4236D23,Sugar Ray
ARW63KF1187B98AC48,46.71067,1.71819,TRAIOBB128F146A944,Julien Clerc
ARW6LIW1187B9966CD,39.10295,-94.58306,TRAJHAH128F9314177,JERRY WALLACE
ARW86ZJ11A348EFE7F,44.83663,-0.58104,TRATQWZ128F93133F8,Edgar De L'est
ARW9FP41187B98C2A7,57.15382,-2.10679,TRAYWLI128F9300223,Annie Lennox
ARW9LQ31187FB4336D,41.52493,-88.08459,TRBIBVM128F4262E9D,Drop Dead_ Gorgeous
ARWA6NT1187FB3F15C,51.11655,-0.18703,TRAJKXS128F42340B5,The Cure
ARWADDH1187B98FDBB,34.05349,-118.24532,TRAWCTI128F931BF21,Home Town Hero
ARWBAI21187B991E2E,41.88415,-87.63241,TRAJSQK12903CB1099,Tommy Sands
ARWBN9B1187B988B95,48.76767,9.17192,TRAJZPU128F422C1D2,Eberhard Weber
ARWBYIR11F4C83B3FE,38.8235,-75.92381,TRAMCDJ128F42830EC,Double Image
ARWC3XN1187B9A8D82,40.71455,-74.00712,TRAGSIT128F426F746,ZO2
ARWC6LA1187B9B2096,37.27188,-119.27023,TRASGBN128F42951D4,Ian Moore
ARWDEEB11E2835E73C,51.50632,-0.12714,TRAXDNU128F9341CDE,Faces
ARWEM1D1187FB4077B,54.07485,-2.71939,TRAUBRC128F92EF13F,Sonny Landreth
ARWEPRZ1187FB4E2BB,40.71455,-74.00712,TRAZTJH12903CC5137,Gabriela Anders
ARWGIOC1187FB4CBEF,37.16793,-95.84502,TRAOHMN128F92EA786,Jim Chappell
ARWGY6U1187B98B228,21.51102,-77.80679,TRAHNFO128F92EB631,Orquesta Sublime
ARWHM281187FB3D381,37.80506,-122.27302,TRACRQV12903CC995F,Souls Of Mischief
ARWI6LR1187FB46E9F,43.57607,7.01815,TRACNPT128F92FBE31,Richard Galliano
ARWIMT21187B9B5AEC,32.58507,-89.87374,TRAJZZC128F424A4D0,Joe Turner_ Joe Houston_ L. C. Williams
ARWJAQ81187FB46F73,45.75342,21.22327,TRAXRHD12903CF0EAB,Negura Bunget
ARWJHW61187B98FA8E,-4.03479,21.75627,TRACNDP12903CDA658,Papa Wemba
ARWLV931187B9B0F5A,30.33138,-81.6558,TRAYKZI128F932B9E8,Evergreen Terrace
ARWMZYB1187FB480A7,4.65637,-74.11779,TRASCXA128F9323581,Aftermath
ARWNRBH1187B9B7E68,48.88437,2.26934,TRARIMG128F931B45A,Philippe Sarde
ARWONOR1187FB3817C,43.7698,-79.4138,TRAIPZY128E0787299,Geddy Lee
ARWPHQB11F4C83B42B,35.21962,-80.01955,TRAOORD12903CCD128,Stickboy
ARWPYQI1187FB4D55A,53.45644,-2.63265,TRAXLZU12903D05F94,Rick Astley
ARWQ2DR1187B98FF28,32.46292,-84.98763,TRACBWQ128F92F2B91,Ma Rainey
ARWQ3M31187FB4CF01,33.74831,-84.39111,TRAXSWS128F4254E1A,ARRESTED DEVELOPMENT
ARWQ3W11187FB3F35E,53.34376,-6.24953,TRBCWYJ128F93213A1,Eleanor McEvoy
ARWSMC91187B9AD369,51.48126,-3.18067,TRACNYM12903CDF543,Helen Love
ARWTWYV1187B996D8B,18.01571,-76.79731,TRAQGHF128F4263CCB,Pelt
ARWUK9L11C8A42C37B,32.58507,-89.87374,TRAMGTA128F9343FAC,Workhorse
ARWV4FQ11C8A42ABCE,62.19845,17.55142,TRAHPAY12903CCD787,Dhamika
ARWVMJA1187B98AA6E,37.27188,-119.27023,TRANIFM128F931C027,Nancy Walker
ARWX5TK1187FB4CDBE,52.88356,-1.97406,TRASOUI128E078F152,The Who
ARWXJTT1187FB509FD,53.95333,-1.08342,TRAICIO12903CBD65B,Epidemic
ARWY7I71187FB36C3D,40.71455,-74.00712,TRARBGR128F42264D1,Lesley Gore
ARWYDXE12420780913,37.27188,-119.27023,TRACGDB128F93509E0,Baby Grand
ARWYVP51187B98C516,42.33168,-83.04792,TRAADLH12903CA70EE,The Suicide Machines
ARWZE8O1187B9B8480,40.71455,-74.00712,TRAHGCI128F14ACB7D,Elmer Bernstein
ARWZSFC1187FB567BF,40.65507,-73.94888,TRACTUH128F92C93A3,Eddie Money
ARX0IEI1187FB4FF4B,60.3907,5.33275,TRABMBK12903CB8E0A,Circular
ARX0X2D1187B99F515,30.9742,-91.52382,TRARZBR128F934715D,HA-ASH
ARX14WH1187FB50649,51.76102,-0.23396,TRAGAVB128F932585E,Babe Ruth
ARX2R5A1187FB5B85B,33.74831,-84.39111,TRAUACD12903CEF021,Ann Nesby
ARX4D1E1187B9A9C4D,40.21787,-74.7594,TRANKSF128F930F91B,Carman featuring Commissioned & The Christ Church Choir
ARX6TAQ11C8A415850,40.71455,-74.00712,TRAZWGK128F93141E3,Lady GaGa
ARX8PZU1187B9AA7E2,32.51461,-93.74727,TRBBRYI128F42370F5,Mighty Joe Young
ARXAHU31187B9B1520,51.50632,-0.12714,TRALVNT128F931C4C6,Vex'd
ARXALW01187FB4B466,40.71455,-74.00712,TRALQXV12903C9FE7B,Sylvia Tosun
ARXBM4N1187B98ECA5,21.34765,-157.7197,TRAYBNB12903CE2D9D,Cyril Pahinui
ARXBOZ01187FB38261,44.80171,-68.77077,TRBGRXO128F4282115,Howie Day
ARXBPW31187FB4D335,51.45238,-0.99603,TRAKEDS128F9337392,Cargo Cult
ARXBXVM11E9057944C,40.19033,-82.66947,TRADGIX128F9315B2D,NewFound Road
ARXCUQE1187B9ADD91,43.04181,-87.90684,TRACFRC12903CFEDD6,Pee Wee King
ARXDDH31187FB3DF1C,30.08615,-94.10158,TRAPNMZ128F92EF15D,Barbara Lynn
ARXDQJB1187FB57154,51.50632,-0.12714,TRAMVOM128F42ACB16,Faithless
ARXFAOQ1187B9A3616,18.11526,-77.27348,TRAIKVZ12903CBF0F3,Dave And Ansel Collins
ARXFWVC1187B98ED6B,41.51526,-90.43987,TRBBFBZ128F42493ED,Jude Cole
ARXG6L11187FB5695E,52.47859,-1.9086,TRAAZLK128F93586D6,SWAMI featuring Asuivre
ARXGICZ1187FB444DD,44.97903,-93.26493,TRAHKND128F935E15F,The Merry Macs
ARXHDZ81187FB43F80,56.95468,-98.30897,TRAOMDT12903CF73C3,Adrienne Pierce
ARXHFWE1187FB410A9,34.20034,-119.18044,TRAUYXI12903CC7355,Oh No
ARXI7WU1187FB4D75E,17.57975,-3.99883,TRAOFJZ128F92F8F65,Tinariwen
ARXICPY122CC3B292D,37.27188,-119.27023,TRAMXOD128F9306E6D,Tanika Turner
ARXIIEY1187FB44EAF,35.14968,-90.04892,TRABEKF128F42765FF,Nights Like These
ARXIPJZ1241B9C818F,51.89834,-8.47277,TRAMDQZ128F4249913,Jennifer Clarke
ARXJSHW1187B9A2A52,25.72898,-80.23742,TRARNJN12903CE49F8,Nestor Torres
ARXK4YK1187FB4D0C4,51.50632,-0.12714,TRAYVNF128F42986EC,Dub Pistols feat. TK & JMS
ARXK4ZA1187B99753A,43.8814,10.23522,TRAIDHP12903D09B15,Malina
ARXK6E71187FB4AA1E,43.64856,-79.38533,TRANVMD128F933AC4A,The Cliks
ARXKPYC11E2835E356,43.19899,27.92076,TRBAODV12903CDC484,Lot Lorien
ARXLOGT1187FB45068,34.19767,-101.69814,TRADHPE128F429FE9C,Jennifer Brown
ARXOUML1187FB48ACB,45.51179,-122.67563,TRAHCQZ12903CFF0B9,Patrick Lamb
ARXP9GE1187FB3ED0E,42.68318,-83.13702,TRABWJA128F1460CFC,Becky Baeling
ARXPDRB1187B9AD0B1,41.88415,-87.63241,TRAJLOR128F428CCC9,Patti Smith
ARXQZPD122988F57B8,52.23535,21.00939,TRBBDSZ128F4273088,Molesta Ewenement
ARXR2N11187B99857E,34.18806,-118.94151,TRAYXMP128F428ACCA,Hotwire
ARXRMXD12086C1309C,46.71067,1.71819,TRAPXTG12903CE64CF,Jean-michel Rotin
ARXRVY51187B99E98E,45.4215,-75.69189,TRAEWKQ128F427C3EC,Jim Bryson
ARXSABR11E8A2E29BF,46.44231,-93.36586,TRBGHYG12903CEAC9C,Pictures of Then
ARXSPYZ1187B98972A,36.2929,-95.15261,TRAROPS128F92F09A5,Carl Belew
ARXWBYG1241B9CE962,59.33217,18.06243,TRADCZP128F42282D6,Jenney
ARXXCHI1241B9C54EE,29.97525,-95.6802,TRANZJQ128F427C58A,Lockwood
ARXZIHJ1187B9A4ED9,41.94508,-71.28109,TRAJCDQ128F92C2B40,Ray Conniff
ARXZP9T1187FB4565D,52.85551,-9.40102,TRAHUVQ12903D05C14,Willie Clancy
ARY0W1O1187FB5B8C0,29.76045,-95.36978,TRAJGPZ128F424743B,H-Town
ARY1QJF1187B98EF3F,34.05349,-118.24532,TRAHTXN128F933746C,Kathleen Madigan
ARY1VGA1187FB5A39E,56.85147,-101.04893,TRAJBGL128F145C7A8,Tom Cochrane
ARY2ZUX1187B9A266C,37.77916,-122.42005,TRASVHD128F1465963,Miguel Migs
ARY4M3J1187B9AC94C,53.79449,-1.54658,TRAJFSU128F92E9E3C,John Sebastian
ARY4N501187B9A5DE9,51.50632,-0.12714,TRAIAJU128F42581EF,The Ghost Of Lemora
ARY53RR1187B9AE485,44.16104,-77.3819,TRADVGV128F42BCACE,Avril Lavigne
ARY6EBA1187B9AD525,41.36149,-74.27362,TRAIJQV128F421B159,Bill Perry
ARY80281187FB3E380,56.65286,-3.99667,TRAAWOR128F92DF3C8,Sandi Thom
ARY8LJ11187FB4019B,37.59791,69.86799,TRANTCK128F428AC39,Floyd Cramer
ARYA9ZH119B8668A81,54.31392,-2.23218,TRACFQB12903D06042,Our Time Down Here
ARYAYLS1241B9C5ED0,41.38572,2.17005,TRANFOS128F92F5C6B,Kamelo Punto Semos
ARYBP3U1187B9B3A4C,39.95227,-75.16237,TRBEFAS128F4262569,Sensations
ARYBUAO1187FB3F4EB,41.88415,-87.63241,TRAJVOJ128F93135D3,Gene Chandler
ARYC4561187FB4F2B1,54.31407,-2.23001,TRBHXUX12903C9A5B2,Chatelaine
ARYCKB61187B998E70,29.76045,-95.36978,TRAMZGZ128F42413C2,Debra Laws
ARYCP7D1187B99516B,43.64856,-79.38533,TRAHXHO128F933934B,Pat Travers
ARYCQBH1187B9B1BE4,58.59232,25.80695,TRAYBTJ12903CB4C22,Metsatöll
ARYEPGU11F4C840A70,42.98689,-81.24621,TRAVSAW128F9339DF2,The Tall Grass
ARYFAT91187B99FEF5,51.48126,-3.18067,TRBHXSQ12903D0967F,Tigertailz
ARYFXQ21187FB4DAEF,27.53092,-99.502,TRANMJW128F92D944A,Poncho Sanchez
ARYHPHB12131B4B793,34.05349,-118.24532,TRAFDJI128F427274E,Peppermint Creeps
ARYHTAK11F50C4A2FB,32.22155,-110.96975,TRAEDJW128F422B4CB,Ray Sandoval
ARYI8NC1187B994FE9,44.00118,-71.6342,TRAIYWX128F9324B1F,Venice
ARYIQQN1187FB55196,39.10644,-84.50469,TRBHNCW128F9334F3D,Blessid Union Of Souls
ARYISOC1187B9998F1,36.03256,-86.78916,TRAEEBP128EF3673A7,Choir & Great Symphony Orchestra of the All-Union Radio_ N. Shpiller_ S. Krassovsky_ V. Gagarina & N
ARYJ6RP1187B9B3827,36.16778,-86.77836,TRAJXAY128F4239110,Cindy Morgan
ARYNSN31187FB4C573,39.96196,-83.00298,TRACILD128F930AF53,Bizzy Bone Presents
ARYNX5Z1187B999686,53.38311,-1.46454,TRATGOC12903CC5BE2,Paul Carrack
ARYOBYD1241B9C87F8,49.26044,-123.11403,TRBAJUY128F932855C,Dabbler
ARYOJU01187FB3BC44,52.1082,5.32986,TRAPDZT128F42A8498,Jeckyll & Hyde
ARYOPH81187B98AEED,40.65507,-73.94888,TRAOWHF128F4255384,Converge
ARYORUX11F4C846890,59.85845,17.64405,TRAWRLA128F93061F0,Perfection
ARYOW7G1187FB373D0,33.52029,-86.8115,TRAVQUU128F92FA4E0,Marc Broussard
ARYPWUK1187B98ACED,64.55653,12.66538,TRAMWKK128F9314838,Emperor
ARYQ8281187FB58C34,47.49852,8.73299,TRAIFJE128F933046A,Royal S
ARYSHWJ1187B9AD2D0,49.26044,-123.11403,TRAZHMT12903C9D27E,Moist
ARYT3BY1187B98C20E,42.4266,-71.07352,TRAHULL128F92DDBFB,Ed Ames
ARYTJPJ1187FB4ABCC,45.51228,-73.55439,TRAVGZF128F4260E6F,Cliff Edwards/Disney Studio Chorus
ARYVLXY1187FB373B0,50.82056,4.37967,TRACKKI128F930CA83,Maurane / Lara Fabian
ARYW3V11187B99C8C9,33.74831,-84.39111,TRAZCPK128E078AF3F,Georgia Satellites
ARYWZLP1187FB4F7D3,37.51146,15.06744,TRAFVDP128F425F856,Vincenzo Bellini
ARYXELS1187B9A5991,41.50471,-81.69074,TRAPARR12903CE2125,Albert Ayler
ARYXGST1187B991071,50.50101,4.47684,TRAISFF128F92F598E,Uman
ARYXJ5A1187B9B9E56,36.69094,-6.13487,TRAAMGJ12903CD315C,Kiril Valeri
ARYYCVC1187B9A8510,35.04644,-85.30946,TRAEFJG128F9325FE4,Bessie Smith
ARYZ1NG1187FB3FD40,50.63718,3.06281,TRAHRKC128F9335A7B,Cool cavemen
ARYZQIU1187FB4BBF8,40.71455,-74.00712,TRBCQWN12903CDA7EC,Louie Ramirez
ARYZX981187B9A995B,30.9742,-91.52382,TRAXGEV12903D16193,Zachary Richard
ARZ02US1187FB430BD,52.88356,-1.97406,TRBHWBQ12903CD4338,Virus
ARZ05QG1187FB3843E,31.55379,-90.10785,TRAAQLE128F424AE71,Byther Smith
ARZ185I1187FB5B8C5,33.74831,-84.39111,TRAXIRB128F1453629,Jonn Serrie
ARZ1PTN1187B9967D9,33.46725,-96.91393,TRBCEAB12903CA10FC,Gene Autry
ARZ1YNY1187B9B673A,49.38426,-84.75627,TRATWUD128F9309671,Carolyn Arends
ARZ3E3Z1187FB43F7C,37.16793,-95.84502,TRAYHQX128F427617F,Daniel Kobialka
ARZ4F9B1187FB3C979,52.88356,-1.97406,TRAXKVO12903CD735A,Steve Porter
ARZ5T871187B9A03F3,24.55439,-81.80045,TRBHFXV128F92FC754,Stargarden
ARZ7IH41187FB3B8F5,40.71793,-73.59354,TRBABHR12903CBCE9C,Leaders Of The New School
ARZ7OD71187B9940A7,40.71455,-74.00712,TRAYRFK128F4240A7F,Los Muñequitos De Matanzas
ARZ8MVL1187FB41D17,35.85683,129.2459,TRAVQCA12903CA2F92,Shout Out Out Out Out
ARZ8S071187B993849,18.46617,-66.10665,TRASOQY128F92FEC9F,Tito Rodriguez
ARZ96PB1187B98F5C9,36.16778,-86.77836,TRASPBY12903CF2BC9,Jars Of Clay
ARZAEIP12086C12905,54.31392,-2.23218,TRAFKDY128F932079B,Gruppo Jazz Marca
ARZAJ9C1187B9A21F4,55.8578,-4.24251,TRAWNOH128F4287513,Unkle Bob
ARZBYDY1187FB46DD7,42.54843,2.38596,TRACOLN12903CCAF8B,Cali
ARZCXO91187FB53708,32.67828,-83.22295,TRACIIZ128EF34E497,Justin
ARZDYBC1187B9A3142,36.0632,-94.15791,TRAKCCA128F92F4EDC,The Cate Brothers
ARZEA421187FB5B5BA,34.05349,-118.24532,TRANKDX128F42668C0,Lee Michaels
ARZEWUR1187FB53DC8,50.45663,4.87137,TRACCVS12903D014F8,Enthroned
ARZH0R61187FB422AE,38.62774,-90.19951,TRAXULE128F9320132,Fontella Bass
ARZHLNX1187FB4B8E7,40.71455,-74.00712,TRAANMF12903CEAFEF,Ladybug
ARZHXR61187FB3D065,40.65507,-73.94888,TRAHZFD12903C9AC7E,The Family Stand
ARZI4B31187B991125,51.05563,3.72856,TRASPVQ128EF35454C,SAF
ARZJKZR1187FB3EFC2,32.38012,-86.30063,TRAPRRP12903CD97E9,Big Mama Thornton with Kansas Bill and his Orchestra
ARZKUQF11F4C8456E8,52.47859,-1.9086,TRARYCL128F1456224,The Moody Blues
ARZL6CE1187FB3F264,27.9758,-81.54106,TRAHXEG128F428F1EC,Mindy McCready
ARZMWNY1187B99EBF1,41.82387,-71.41199,TRAHDYQ128F930CE03,Paul Geremia
ARZO73F1187FB4BF23,39.95227,-75.16237,TRAZBJZ128F932B37B,Bill Cosby
ARZP2M21187FB59C63,42.31256,-71.08868,TRAZILC128F4253F29,Dons
ARZQ6SW1187B9AD3E2,40.14323,-74.72671,TRBEOYQ128F42955C3,Antigone Rising
ARZQM8D1187FB438CC,56.42465,9.67464,TRAEBSG128F9317B95,Herbst9_ Z'ev
ARZSFIJ1187B98B8BC,36.16778,-86.77836,TRANYNG128F92E9D4D,Warner mack
ARZTGQE1187FB461D9,27.9758,-81.54106,TRAPAES128E0786E60,Ideal
ARZU9NI1187B9AEE08,59.37991,13.49942,TRACAXR128F92FAB1C,Babylon Disco
ARZVEF91187B9AC770,40.71455,-74.00712,TRACUGA128F14ACFB8,Elliot Goldenthal
ARZVTZN1187FB579D4,32.20049,-94.35887,TRAJBSL128F428A021,Jim Reeves
ARZWAHK119B8668273,48.55286,-109.67097,TRAKOLG128F427541A,Martriden
ARZXVY01187B9972EC,38.99792,-105.55096,TRARDRG128F931766E,Davol
ARZY28S1187FB40BAB,-33.91906,18.42196,TRABZYK12903D000B2,Taboo
ARZYPLF1187FB45B9B,34.05349,-118.24532,TRANGIY128F427FA51,Rooney
ARZZRK91187B9A5CA5,18.01571,-76.79731,TRACUIZ128F92D984B,Delroy Wilson
